Date,AAPL,MSFT,GOOGL,AMZN,TSLA
2020-01-02 00:00:00-05:00,72.79602813720703,153.93820190429688,68.18681335449219,94.90049743652344,28.68400001525879
2020-01-03 00:00:00-05:00,72.08830261230469,152.02142333984375,67.83010864257812,93.74849700927734,29.534000396728516
2020-01-06 00:00:00-05:00,72.6626968383789,152.41439819335938,69.63805389404297,95.14399719238281,30.1026668548584
2020-01-07 00:00:00-05:00,72.32099914550781,151.02468872070312,69.50354766845703,95.34300231933594,31.270666122436523
2020-01-08 00:00:00-05:00,73.48435974121094,153.43026733398438,69.99825286865234,94.59850311279297,32.80933380126953
2020-01-09 00:00:00-05:00,75.04522705078125,155.34703063964844,70.73308563232422,95.05249786376953,32.089332580566406
2020-01-10 00:00:00-05:00,75.21487426757812,154.62823486328125,71.18993377685547,94.15799713134766,31.876667022705078
2020-01-13 00:00:00-05:00,76.8218002319336,156.48753356933594,71.74143981933594,94.56500244140625,34.990665435791016
2020-01-14 00:00:00-05:00,75.78443908691406,155.3853759765625,71.2711410522461,93.47200012207031,35.861331939697266
2020-01-15 00:00:00-05:00,75.45966339111328,156.39170837402344,71.70008087158203,93.10099792480469,34.56666564941406
2020-01-16 00:00:00-05:00,76.40491485595703,159.25733947753906,72.24610900878906,93.89700317382812,34.232666015625
2020-01-17 00:00:00-05:00,77.25079345703125,160.14862060546875,73.70880126953125,93.23600006103516,34.03333282470703
2020-01-21 00:00:00-05:00,76.7272720336914,159.57359313964844,73.84481048583984,94.5999984741211,36.47999954223633
2020-01-22 00:00:00-05:00,77.00113677978516,158.806884765625,73.92550659179688,94.37300109863281,37.97066879272461
2020-01-23 00:00:00-05:00,77.37197875976562,159.7844696044922,73.96636199951172,94.22899627685547,38.14666748046875
2020-01-24 00:00:00-05:00,77.14900207519531,158.17434692382812,73.04371643066406,93.08200073242188,37.654666900634766
2020-01-27 00:00:00-05:00,74.88040161132812,155.52914428710938,71.32793426513672,91.41699981689453,37.201332092285156
2020-01-28 00:00:00-05:00,76.99871826171875,158.57687377929688,72.2630386352539,92.6624984741211,37.793331146240234
2020-01-29 00:00:00-05:00,78.61048126220703,161.04954528808594,72.5719223022461,92.9000015258789,38.732666015625
2020-01-30 00:00:00-05:00,78.4965591430664,165.5923614501953,72.44985961914062,93.53399658203125,42.72066879272461
2020-01-31 00:00:00-05:00,75.0161361694336,163.14842224121094,71.38024139404297,100.43599700927734,43.371334075927734
2020-02-03 00:00:00-05:00,74.81010437011719,167.1258087158203,73.86224365234375,100.20999908447266,52.0
2020-02-04 00:00:00-05:00,77.27985382080078,172.62698364257812,72.00946044921875,102.4834976196289,59.137332916259766
2020-02-05 00:00:00-05:00,77.91004943847656,172.41616821289062,72.04134368896484,101.99349975585938,48.97999954223633
2020-02-06 00:00:00-05:00,78.82135772705078,175.990966796875,73.53194427490234,102.5114974975586,49.930667877197266
2020-02-07 00:00:00-05:00,77.74996948242188,176.24017333984375,73.68836975097656,103.96399688720703,49.871334075927734
2020-02-10 00:00:00-05:00,78.11923217773438,180.85011291503906,75.1605453491211,106.69550323486328,51.41866683959961
2020-02-11 00:00:00-05:00,77.64791107177734,176.76730346679688,75.23027801513672,107.54000091552734,51.62533187866211
2020-02-12 00:00:00-05:00,79.49186706542969,177.0260772705078,75.65724182128906,108.0,51.15266799926758
2020-02-13 00:00:00-05:00,78.92581939697266,176.0676727294922,75.39618682861328,107.49349975585938,53.599998474121094
2020-02-14 00:00:00-05:00,78.94525909423828,177.63946533203125,75.66221618652344,106.74349975585938,53.33533477783203
2020-02-18 00:00:00-05:00,77.49972534179688,179.4412384033203,75.69759368896484,107.78350067138672,57.22666549682617
2020-02-19 00:00:00-05:00,78.62212371826172,179.97943115234375,75.96810913085938,108.51100158691406,61.16133117675781
2020-02-20 00:00:00-05:00,77.81553649902344,177.23089599609375,75.57553100585938,107.65499877929688,59.96066665649414
2020-02-21 00:00:00-05:00,76.05421447753906,171.6281280517578,73.90507507324219,104.79850006103516,60.06666564941406
2020-02-24 00:00:00-05:00,72.44158172607422,164.2283477783203,70.736572265625,100.4645004272461,55.58599853515625
2020-02-25 00:00:00-05:00,69.98783874511719,161.5182342529297,69.06562805175781,98.63700103759766,53.32733154296875
2020-02-26 00:00:00-05:00,71.09810638427734,163.53640747070312,69.27237701416016,98.97949981689453,51.91999816894531
2020-02-27 00:00:00-05:00,66.4505386352539,152.01380920410156,65.51001739501953,94.21499633789062,45.266666412353516
2020-02-28 00:00:00-05:00,66.41167449951172,155.6945343017578,66.72063446044922,94.1875,44.53266525268555
2020-03-02 00:00:00-05:00,72.59464263916016,166.0542755126953,69.06562805175781,97.69750213623047,49.574668884277344
2020-03-03 00:00:00-05:00,70.28909301757812,158.0970458984375,66.6444091796875,95.44950103759766,49.70066833496094
2020-03-04 00:00:00-05:00,73.54942321777344,163.90159606933594,68.83048248291016,98.79149627685547,49.96666717529297
2020-03-05 00:00:00-05:00,71.16371154785156,159.78842163085938,65.50055694580078,96.20149993896484,48.30266571044922
2020-03-06 00:00:00-05:00,70.21863555908203,155.27163696289062,64.55299377441406,95.05449676513672,46.89866638183594
2020-03-09 00:00:00-04:00,64.66490936279297,144.74850463867188,60.56993103027344,90.03050231933594,40.53333282470703
2020-03-10 00:00:00-04:00,69.3221664428711,154.64698791503906,63.52820587158203,94.59100341796875,43.02199935913086
2020-03-11 00:00:00-04:00,66.91455841064453,147.64112854003906,60.32630920410156,91.04299926757812,42.28200149536133
2020-03-12 00:00:00-04:00,60.30644607543945,133.63912963867188,55.37675476074219,83.83049774169922,37.369998931884766
2020-03-13 00:00:00-04:00,67.53165435791016,152.63844299316406,60.494205474853516,89.25,36.44133377075195
2020-03-16 00:00:00-04:00,58.84391784667969,130.14105224609375,53.456214904785156,84.4574966430664,29.67133331298828
2020-03-17 00:00:00-04:00,61.43129348754883,140.85638427734375,55.701080322265625,90.39199829101562,28.68000030517578
2020-03-18 00:00:00-04:00,59.927452087402344,134.9268798828125,54.36243438720703,91.5,24.08133316040039
2020-03-19 00:00:00-04:00,59.468284606933594,137.14683532714844,55.38273620605469,94.04650115966797,28.50933265686035
2020-03-20 00:00:00-04:00,55.69291305541992,131.9957733154297,53.21758270263672,92.30449676513672,28.50200080871582
2020-03-23 00:00:00-04:00,54.5097541809082,130.67916870117188,52.5161247253418,95.1415023803711,28.952667236328125
2020-03-24 00:00:00-04:00,59.97847366333008,142.55734252929688,56.29642105102539,97.00499725341797,33.66666793823242
2020-03-25 00:00:00-04:00,59.64805603027344,141.19273376464844,54.88204574584961,94.29199981689453,35.95000076293945
2020-03-26 00:00:00-04:00,62.78691482543945,150.0244903564453,57.935977935791016,97.77449798583984,35.21066665649414
2020-03-27 00:00:00-04:00,60.187400817871094,143.86439514160156,55.3124885559082,95.00499725341797,34.29066848754883
2020-03-30 00:00:00-04:00,61.905029296875,153.9838409423828,57.10847473144531,98.19750213623047,33.47533416748047
2020-03-31 00:00:00-04:00,61.778690338134766,151.5621337890625,57.88764953613281,97.48600006103516,34.93333435058594
2020-04-01 00:00:00-04:00,58.52808380126953,146.18038940429688,54.90596008300781,95.38500213623047,32.104000091552734
2020-04-02 00:00:00-04:00,59.50472640991211,149.20761108398438,55.6497688293457,95.94149780273438,30.29800033569336
2020-04-03 00:00:00-04:00,58.649559020996094,147.8333740234375,54.43765640258789,95.32949829101562,32.000667572021484
2020-04-06 00:00:00-04:00,63.765995025634766,158.827392578125,58.94581985473633,99.87950134277344,34.41600036621094
2020-04-07 00:00:00-04:00,63.02743911743164,157.1167755126953,58.9144287109375,100.58000183105469,36.36333465576172
2020-04-08 00:00:00-04:00,64.6406021118164,158.69284057617188,60.132015228271484,102.1500015258789,36.589332580566406
2020-04-09 00:00:00-04:00,65.10706329345703,158.7024688720703,60.110591888427734,102.13800048828125,38.20000076293945
2020-04-13 00:00:00-04:00,66.38494873046875,159.05804443359375,60.301902770996094,108.44349670410156,43.39666748046875
2020-04-14 00:00:00-04:00,69.73760223388672,166.92880249023438,63.03300476074219,114.16600036621094,47.32600021362305
2020-04-15 00:00:00-04:00,69.10108947753906,165.17974853515625,62.637935638427734,115.38400268554688,48.65533447265625
2020-04-16 00:00:00-04:00,69.65013885498047,170.13856506347656,62.6444091796875,120.40950012207031,49.680667877197266
2020-04-17 00:00:00-04:00,68.70509338378906,171.63778686523438,63.71900939941406,118.75,50.259334564208984
2020-04-20 00:00:00-04:00,67.27898406982422,168.2357635498047,62.829734802246094,119.68049621582031,49.75733184814453
2020-04-21 00:00:00-04:00,65.1993637084961,161.27801513671875,60.38908386230469,116.40599822998047,45.781333923339844
2020-04-22 00:00:00-04:00,67.07735443115234,166.7557830810547,62.693233489990234,118.17449951171875,48.807334899902344
2020-04-23 00:00:00-04:00,66.8173828125,164.73765563964844,63.32892608642578,119.97250366210938,47.04199981689453
2020-04-24 00:00:00-04:00,68.74638366699219,167.7456512451172,63.59944534301758,120.51100158691406,48.34333419799805
2020-04-27 00:00:00-04:00,68.79498291015625,167.26516723632812,63.313480377197266,118.80000305175781,53.25
2020-04-28 00:00:00-04:00,67.67985534667969,163.19039916992188,61.40689468383789,115.7040023803711,51.27466583251953
2020-04-29 00:00:00-04:00,69.9028091430664,170.51336669921875,66.8666000366211,118.635498046875,53.367332458496094
2020-04-30 00:00:00-04:00,71.37748718261719,172.2239990234375,67.09178161621094,123.69999694824219,52.12533187866211
2020-05-01 00:00:00-04:00,70.22834777832031,167.76487731933594,65.62808990478516,114.302001953125,46.75466537475586
2020-05-04 00:00:00-04:00,71.22200775146484,171.868408203125,65.90608215332031,115.79949951171875,50.74599838256836
2020-05-05 00:00:00-04:00,72.29096221923828,173.71360778808594,67.20736694335938,115.88999938964844,51.2140007019043
2020-05-06 00:00:00-04:00,73.03681945800781,175.4241485595703,67.02851104736328,117.56300354003906,52.172000885009766
2020-05-07 00:00:00-04:00,73.7923583984375,176.44284057617188,68.21670532226562,118.38050079345703,52.00266647338867
2020-05-08 00:00:00-04:00,75.54875183105469,177.48072814941406,68.96698760986328,118.98049926757812,54.62799835205078
2020-05-11 00:00:00-04:00,76.73754119873047,179.46043395996094,69.92601013183594,120.44999694824219,54.08599853515625
2020-05-12 00:00:00-04:00,75.86056518554688,175.39535522460938,68.51065063476562,117.84750366210938,53.96066665649414
2020-05-13 00:00:00-04:00,74.94461822509766,172.74295043945312,67.17298889160156,118.39600372314453,52.73066711425781
2020-05-14 00:00:00-04:00,75.40503692626953,173.49256896972656,67.59795379638672,119.44249725341797,53.55533218383789
2020-05-15 00:00:00-04:00,74.959228515625,176.01998901367188,68.40502166748047,120.48899841308594,53.27799987792969
2020-05-18 00:00:00-04:00,76.7253646850586,177.70179748535156,69.00884246826172,121.31300354003906,54.242000579833984
2020-05-19 00:00:00-04:00,76.2820053100586,176.4716796875,68.47178649902344,122.46649932861328,53.867332458496094
2020-05-20 00:00:00-04:00,77.76554870605469,178.9194793701172,70.20350646972656,124.89700317382812,54.37066650390625
2020-05-21 00:00:00-04:00,77.18576049804688,176.77040100097656,70.08344268798828,122.33699798583984,55.17333221435547
2020-05-22 00:00:00-04:00,77.6827163696289,176.84751892089844,70.40676879882812,121.84400177001953,54.45866775512695
2020-05-26 00:00:00-04:00,77.1565170288086,174.9779815673828,70.81180572509766,121.09300231933594,54.591331481933594
2020-05-27 00:00:00-04:00,77.49271392822266,175.20924377441406,70.75749969482422,120.51950073242188,54.68199920654297
2020-05-28 00:00:00-04:00,77.52682495117188,174.8141326904297,70.65586853027344,120.05500030517578,53.72066879272461
2020-05-29 00:00:00-04:00,77.4512939453125,176.59698486328125,71.41710662841797,122.11849975585938,55.66666793823242
2020-06-01 00:00:00-04:00,78.4037857055664,176.1922607421875,71.48435974121094,123.552001953125,59.87333297729492
2020-06-02 00:00:00-04:00,78.76675415039062,178.19671630859375,71.85502624511719,123.62049865722656,58.770668029785156
2020-06-03 00:00:00-04:00,79.20036315917969,178.63035583496094,71.70257568359375,123.91999816894531,58.86399841308594
2020-06-04 00:00:00-04:00,78.51827239990234,176.27896118164062,70.4595718383789,123.02999877929688,57.62533187866211
2020-06-05 00:00:00-04:00,80.75458526611328,180.40357971191406,71.74093627929688,124.1500015258789,59.04399871826172
2020-06-08 00:00:00-04:00,81.23202514648438,181.52149963378906,72.14048767089844,126.2030029296875,63.327999114990234
2020-06-09 00:00:00-04:00,83.79717254638672,182.90916442871094,72.34175109863281,130.04299926757812,62.711334228515625
2020-06-10 00:00:00-04:00,85.95307159423828,189.69358825683594,72.97047424316406,132.37249755859375,68.336669921875
2020-06-11 00:00:00-04:00,81.82640838623047,179.50735473632812,69.8418197631836,127.89800262451172,64.85600280761719
2020-06-12 00:00:00-04:00,82.5328598022461,180.92398071289062,70.39083099365234,127.2509994506836,62.35200119018555
2020-06-15 00:00:00-04:00,83.5535659790039,182.08041381835938,70.78041076660156,128.63400268554688,66.05999755859375
2020-06-16 00:00:00-04:00,85.7679214477539,186.54229736328125,72.06227111816406,130.7635040283203,65.47533416748047
2020-06-17 00:00:00-04:00,85.64855194091797,187.18797302246094,72.36466979980469,132.0489959716797,66.11933135986328
2020-06-18 00:00:00-04:00,85.68265533447266,189.1924591064453,71.4469985961914,132.69900512695312,66.9306640625
2020-06-19 00:00:00-04:00,85.19300842285156,188.06491088867188,70.9747085571289,133.75050354003906,66.72666931152344
2020-06-22 00:00:00-04:00,87.42198944091797,193.28817749023438,72.27100372314453,135.6909942626953,66.28800201416016
2020-06-23 00:00:00-04:00,89.2879867553711,194.5795440673828,72.93460083007812,138.2205047607422,66.78533172607422
2020-06-24 00:00:00-04:00,87.71187591552734,190.65725708007812,71.37625885009766,136.72000122070312,64.0566635131836
2020-06-25 00:00:00-04:00,88.87629699707031,193.0664825439453,71.79473876953125,137.72900390625,65.73200225830078
2020-06-26 00:00:00-04:00,86.1455078125,189.20208740234375,67.88092803955078,134.64349365234375,63.982666015625
2020-06-29 00:00:00-04:00,88.13088989257812,191.23550415039062,69.60617065429688,134.0189971923828,67.29000091552734
2020-06-30 00:00:00-04:00,88.86654663085938,196.12142944335938,70.64640045166016,137.9409942626953,71.98733520507812
2020-07-01 00:00:00-04:00,88.69845581054688,197.26821899414062,71.8395767211914,143.93499755859375,74.64199829101562
2020-07-02 00:00:00-04:00,88.69845581054688,198.77154541015625,73.23103332519531,144.51499938964844,80.57733154296875
2020-07-06 00:00:00-04:00,91.07117462158203,203.0503692626953,74.71166229248047,152.8520050048828,91.43866729736328
2020-07-07 00:00:00-04:00,90.78860473632812,200.68934631347656,74.22692108154297,150.00599670410156,92.65733337402344
2020-07-08 00:00:00-04:00,92.90306854248047,205.1030731201172,74.90845489501953,154.0554962158203,91.05867004394531
2020-07-09 00:00:00-04:00,93.30258178710938,206.5389404296875,75.65873718261719,159.13150024414062,92.9520034790039
2020-07-10 00:00:00-04:00,93.46578216552734,205.91253662109375,76.67255401611328,160.0,102.97666931152344
2020-07-13 00:00:00-04:00,93.03461456298828,199.55218505859375,75.3384017944336,155.1999969482422,99.80400085449219
2020-07-14 00:00:00-04:00,94.5741958618164,200.78570556640625,75.7683334350586,154.1999969482422,101.12000274658203
2020-07-15 00:00:00-04:00,95.22461700439453,200.48696899414062,75.57005310058594,150.44349670410156,103.06732940673828
2020-07-16 00:00:00-04:00,94.05287170410156,196.51654052734375,75.472412109375,149.9949951171875,100.04266357421875
2020-07-17 00:00:00-04:00,93.86288452148438,195.5142822265625,75.56855773925781,148.09849548339844,100.05599975585938
2020-07-20 00:00:00-04:00,95.84093475341797,203.91770935058594,77.9095687866211,159.8419952392578,109.53333282470703
2020-07-21 00:00:00-04:00,94.51814270019531,201.171142578125,77.5149917602539,156.9145050048828,104.55733489990234
2020-07-22 00:00:00-04:00,94.78368377685547,204.062255859375,77.95989227294922,154.99549865722656,106.15533447265625
2020-07-23 00:00:00-04:00,90.46947479248047,195.1866455078125,75.5635757446289,149.32749938964844,100.87133026123047
2020-07-24 00:00:00-04:00,90.24535369873047,193.99166870117188,75.13812255859375,150.44549560546875,94.46666717529297
2020-07-27 00:00:00-04:00,92.38418579101562,196.44911193847656,76.19528198242188,152.760498046875,102.63999938964844
2020-07-28 00:00:00-04:00,90.86653137207031,194.6855010986328,74.91094207763672,150.01649475097656,98.43267059326172
2020-07-29 00:00:00-04:00,92.60831451416016,196.65145874023438,75.90035247802734,151.67649841308594,99.94066619873047
2020-07-30 00:00:00-04:00,93.7289047241211,196.4972686767578,76.64067840576172,152.593994140625,99.16600036621094
2020-07-31 00:00:00-04:00,103.54122924804688,197.56695556640625,74.1287841796875,158.23399353027344,95.38400268554688
2020-08-03 00:00:00-04:00,106.15022277832031,208.6783447265625,73.87022399902344,155.59449768066406,99.0
2020-08-04 00:00:00-04:00,106.85911560058594,205.54632568359375,73.39892578125,156.94149780273438,99.13333129882812
2020-08-05 00:00:00-04:00,107.2464370727539,205.2090606689453,73.68737030029297,160.25149536132812,99.00133514404297
2020-08-06 00:00:00-04:00,110.98819732666016,208.49526977539062,74.97570037841797,161.25,99.30533599853516
2020-08-07 00:00:00-04:00,108.46480560302734,204.7657470703125,74.64790344238281,158.3730010986328,96.84733581542969
2020-08-10 00:00:00-04:00,110.04129791259766,200.68934631347656,74.57067108154297,157.4080047607422,94.57133483886719
2020-08-11 00:00:00-04:00,106.76869201660156,195.9961700439453,73.75961303710938,154.0334930419922,91.6259994506836
2020-08-12 00:00:00-04:00,110.31707763671875,201.59519958496094,75.08979034423828,158.11199951171875,103.65066528320312
2020-08-13 00:00:00-04:00,112.26940155029297,201.12298583984375,75.55859375,158.05099487304688,108.06666564941406
2020-08-14 00:00:00-04:00,112.16936492919922,201.31573486328125,74.95977020263672,157.4010009765625,110.04733276367188
2020-08-17 00:00:00-04:00,111.87650299072266,202.64561462402344,75.53816986083984,159.12049865722656,122.3759994506836
2020-08-18 00:00:00-04:00,112.80874633789062,203.81170654296875,77.50801849365234,165.62449645996094,125.80599975585938
2020-08-19 00:00:00-04:00,112.9502944946289,202.5751953125,76.9515380859375,163.0240020751953,125.23533630371094
2020-08-20 00:00:00-04:00,115.45661163330078,207.2894287109375,78.52783203125,164.86849975585938,133.45533752441406
2020-08-21 00:00:00-04:00,121.4063720703125,205.7823944091797,78.49395751953125,164.23599243164062,136.6653289794922
2020-08-24 00:00:00-04:00,122.8584213256836,206.42962646484375,78.9712142944336,165.3730010986328,134.27999877929688
2020-08-25 00:00:00-04:00,121.85051727294922,209.1151885986328,80.00248718261719,167.32449340820312,134.8893280029297
2020-08-26 00:00:00-04:00,123.507568359375,213.63613891601562,81.9095687866211,172.09249877929688,143.54466247558594
2020-08-27 00:00:00-04:00,122.03111267089844,218.88165283203125,81.13188934326172,170.0,149.25
2020-08-28 00:00:00-04:00,121.83345794677734,221.1324920654297,81.67542266845703,170.08999633789062,147.55999755859375
2020-08-31 00:00:00-04:00,125.965087890625,217.86732482910156,81.18221282958984,172.54800415039062,166.10667419433594
2020-09-01 00:00:00-04:00,130.9826202392578,219.5482177734375,82.45508575439453,174.95599365234375,158.35000610351562
2020-09-02 00:00:00-04:00,128.2688446044922,223.77940368652344,85.55934143066406,176.57249450683594,149.1233367919922
2020-09-03 00:00:00-04:00,117.99951934814453,209.9169921875,81.18121337890625,168.39999389648438,135.6666717529297
2020-09-04 00:00:00-04:00,118.07762145996094,206.9705810546875,78.77494049072266,164.7310028076172,139.44000244140625
2020-09-08 00:00:00-04:00,110.131591796875,195.77439880371094,75.90484619140625,157.49200439453125,110.06999969482422
2020-09-09 00:00:00-04:00,114.52438354492188,204.1111602783203,77.08208465576172,163.4304962158203,122.09333038330078
2020-09-10 00:00:00-04:00,110.7856216430664,198.3922882080078,76.02689361572266,158.7554931640625,123.77999877929688
2020-09-11 00:00:00-04:00,109.33113861083984,197.09780883789062,75.51425170898438,155.81100463867188,124.23999786376953
2020-09-14 00:00:00-04:00,112.61107635498047,198.4309844970703,75.16899871826172,155.14849853515625,139.8733367919922
2020-09-15 00:00:00-04:00,112.7867660522461,201.6864471435547,76.47875213623047,157.80650329589844,149.9199981689453
2020-09-16 00:00:00-04:00,109.45802307128906,198.0831756591797,75.3314208984375,153.90499877929688,147.25332641601562
2020-09-17 00:00:00-04:00,107.7106704711914,196.01588439941406,74.08343505859375,150.43649291992188,141.14332580566406
2020-09-18 00:00:00-04:00,104.29409790039062,193.58148193359375,72.29243469238281,147.74549865722656,147.38333129882812
2020-09-21 00:00:00-04:00,107.45687866210938,195.65843200683594,71.24872589111328,148.02349853515625,149.79666137695312
2020-09-22 00:00:00-04:00,109.14566040039062,200.3726348876953,72.72735595703125,156.44949340820312,141.41000366210938
2020-09-23 00:00:00-04:00,104.5674057006836,193.7747039794922,70.2149658203125,149.9929962158203,126.78666687011719
2020-09-24 00:00:00-04:00,105.6412124633789,196.286376953125,70.88603210449219,150.989501953125,129.26333618164062
2020-09-25 00:00:00-04:00,109.60447692871094,200.75904846191406,71.69310760498047,154.75650024414062,135.77999877929688
2020-09-28 00:00:00-04:00,112.22059631347656,202.32403564453125,72.66956329345703,158.70249938964844,140.39999389648438
2020-09-29 00:00:00-04:00,111.37133026123047,200.2180938720703,73.03623962402344,157.24400329589844,139.69000244140625
2020-09-30 00:00:00-04:00,113.05033111572266,203.1837921142578,73.01531219482422,157.43649291992188,143.00332641601562
2020-10-01 00:00:00-04:00,114.00698852539062,205.2414093017578,74.12628173828125,161.06300354003906,149.3866729736328
2020-10-02 00:00:00-04:00,110.32683563232422,199.18446350097656,72.5171127319336,156.25,138.3633270263672
2020-10-05 00:00:00-04:00,113.72390747070312,203.23207092285156,73.87370300292969,159.9600067138672,141.89332580566406
2020-10-06 00:00:00-04:00,110.4635009765625,198.91400146484375,72.28894805908203,154.9980010986328,137.9933319091797
2020-10-07 00:00:00-04:00,112.3377456665039,202.70077514648438,72.69348907470703,159.7845001220703,141.76666259765625
2020-10-08 00:00:00-04:00,112.23037719726562,203.42529296875,73.90360260009766,159.52749633789062,141.97332763671875
2020-10-09 00:00:00-04:00,114.1827163696289,208.47760009765625,75.24971008300781,164.33250427246094,144.6666717529297
2020-10-12 00:00:00-04:00,121.43565368652344,213.87765502929688,77.94692993164062,172.14649963378906,147.43333435058594
2020-10-13 00:00:00-04:00,118.21429443359375,215.2880859375,78.07048797607422,172.18150329589844,148.88333129882812
2020-10-14 00:00:00-04:00,118.3021469116211,213.35598754882812,77.88964080810547,168.1855010986328,153.76666259765625
2020-10-15 00:00:00-04:00,117.83360290527344,212.19677734375,77.49258422851562,166.9324951171875,149.6266632080078
2020-10-16 00:00:00-04:00,116.18384552001953,212.19677734375,78.10187530517578,163.635498046875,146.55667114257812
2020-10-19 00:00:00-04:00,113.21629333496094,206.94161987304688,76.22119140625,160.36050415039062,143.61000061035156
2020-10-20 00:00:00-04:00,114.70985412597656,207.3570098876953,77.27388000488281,160.85049438476562,140.64666748046875
2020-10-21 00:00:00-04:00,114.0850830078125,207.50192260742188,79.01306915283203,159.2469940185547,140.8800048828125
2020-10-22 00:00:00-04:00,112.99177551269531,207.58885192871094,80.04283905029297,158.82000732421875,141.92999267578125
2020-10-23 00:00:00-04:00,112.2987060546875,208.88331604003906,81.35408782958984,160.22000122070312,140.2100067138672
2020-10-26 00:00:00-04:00,112.30846405029297,202.94229125976562,78.92838287353516,160.3520050048828,140.0933380126953
2020-10-27 00:00:00-04:00,113.8215103149414,206.0045623779297,79.65524291992188,164.31649780273438,141.55999755859375
2020-10-28 00:00:00-04:00,108.5501937866211,195.79368591308594,75.26715087890625,158.13900756835938,135.33999633789062
2020-10-29 00:00:00-04:00,112.57203674316406,197.76441955566406,77.56282806396484,160.55050659179688,136.94332885742188
2020-10-30 00:00:00-04:00,106.26594543457031,195.59085083007812,80.51361846923828,151.8074951171875,129.34666442871094
2020-11-02 00:00:00-05:00,106.1781005859375,195.45559692382812,80.92265319824219,150.2239990234375,133.50332641601562
2020-11-03 00:00:00-05:00,107.80831909179688,199.41627502441406,81.98579406738281,152.42050170898438,141.3000030517578
2020-11-04 00:00:00-05:00,112.21084594726562,209.0378875732422,86.97720336914062,162.05799865722656,140.32666015625
2020-11-05 00:00:00-05:00,116.19361114501953,215.70346069335938,87.80669403076172,166.10000610351562,146.02999877929688
2020-11-06 00:00:00-05:00,116.0616226196289,216.11886596679688,87.66869354248047,165.56849670410156,143.31666564941406
2020-11-09 00:00:00-05:00,113.74409484863281,210.96994018554688,87.75288391113281,157.18699645996094,140.4199981689453
2020-11-10 00:00:00-05:00,113.40184783935547,203.84066772460938,86.5721664428711,151.75100708007812,136.7866668701172
2020-11-11 00:00:00-05:00,116.8438949584961,209.19247436523438,87.04595947265625,156.8695068359375,139.0433349609375
2020-11-12 00:00:00-05:00,116.5700912475586,208.1201934814453,86.82624816894531,155.51400756835938,137.25332641601562
2020-11-13 00:00:00-05:00,116.61898040771484,209.15379333496094,88.29293060302734,156.4405059814453,136.1666717529297
2020-11-16 00:00:00-05:00,117.63595581054688,209.84934997558594,88.38111114501953,156.55299377441406,136.02999877929688
2020-11-17 00:00:00-05:00,116.74613189697266,207.1734619140625,87.76484680175781,156.7830047607422,147.20333862304688
2020-11-18 00:00:00-05:00,115.41622924804688,204.44216918945312,86.71763610839844,155.2729949951172,162.2133331298828
2020-11-19 00:00:00-05:00,116.01272583007812,205.739990234375,87.61090087890625,155.8509979248047,166.42333984375
2020-11-20 00:00:00-05:00,114.74149322509766,203.7738494873047,86.50540924072266,154.97000122070312,163.20333862304688
2020-11-23 00:00:00-05:00,111.32879638671875,203.50267028808594,86.06600189208984,154.91949462890625,173.9499969482422
2020-11-24 00:00:00-05:00,112.61957550048828,207.13475036621094,87.8764419555664,155.9029998779297,185.1266632080078
2020-11-25 00:00:00-05:00,113.46051788330078,207.1444091796875,87.88789367675781,159.2534942626953,191.3333282470703
2020-11-27 00:00:00-05:00,114.00811004638672,208.46163940429688,89.02825927734375,159.76699829101562,195.25332641601562
2020-11-30 00:00:00-05:00,116.41363525390625,207.33815002441406,87.40315246582031,158.40199279785156,189.1999969482422
2020-12-01 00:00:00-05:00,120.00238037109375,209.41082763671875,89.44375610351562,161.00399780273438,194.9199981689453
2020-12-02 00:00:00-05:00,120.35437774658203,208.59722900390625,90.91891479492188,160.17649841308594,189.60667419433594
2020-12-03 00:00:00-05:00,120.21749114990234,207.5027618408203,90.76298522949219,159.3365020751953,197.7933349609375
2020-12-04 00:00:00-05:00,119.54277801513672,207.6190185546875,90.85863494873047,158.12899780273438,199.67999267578125
2020-12-07 00:00:00-05:00,121.00956726074219,207.55120849609375,90.52335357666016,157.89999389648438,213.9199981689453
2020-12-08 00:00:00-05:00,121.62559509277344,209.21713256835938,90.23937225341797,158.864501953125,216.6266632080078
2020-12-09 00:00:00-05:00,119.08317565917969,205.13949584960938,88.5719223022461,155.2100067138672,201.4933319091797
2020-12-10 00:00:00-05:00,120.51085662841797,203.89976501464844,88.06326293945312,155.07449340820312,209.02333068847656
2020-12-11 00:00:00-05:00,119.69923400878906,206.5535888671875,88.41946411132812,155.8209991455078,203.3300018310547
2020-12-14 00:00:00-05:00,119.08317565917969,207.4640350341797,87.29653930664062,157.84849548339844,213.27667236328125
2020-12-15 00:00:00-05:00,125.04808807373047,207.39625549316406,87.73594665527344,158.25599670410156,211.0833282470703
2020-12-16 00:00:00-05:00,124.97962188720703,212.38427734375,87.54214477539062,162.04800415039062,207.58999633789062
2020-12-17 00:00:00-05:00,125.84993743896484,212.51988220214844,86.7111587524414,161.8040008544922,218.63333129882812
2020-12-18 00:00:00-05:00,123.8551025390625,211.7159881591797,85.99923706054688,160.08250427246094,231.6666717529297
2020-12-21 00:00:00-05:00,125.39035034179688,215.59019470214844,86.41474151611328,160.3090057373047,216.6199951171875
2020-12-22 00:00:00-05:00,128.95948791503906,216.89773559570312,85.70032501220703,160.3260040283203,213.44667053222656
2020-12-23 00:00:00-05:00,128.05992126464844,214.069580078125,86.09938049316406,159.2635040283203,215.32666015625
2020-12-24 00:00:00-05:00,129.04754638671875,215.74517822265625,86.39481353759766,158.63450622558594,220.58999633789062
2020-12-28 00:00:00-05:00,133.6630096435547,217.8856658935547,88.37762451171875,164.197998046875,221.22999572753906
2020-12-29 00:00:00-05:00,131.88330078125,217.1011505126953,87.57054901123047,166.10000610351562,221.99667358398438
2020-12-30 00:00:00-05:00,130.75875854492188,214.70883178710938,86.49893188476562,164.29249572753906,231.5933380126953
2020-12-31 00:00:00-05:00,129.75155639648438,215.42555236816406,87.31548309326172,162.84649658203125,235.22332763671875
2021-01-04 00:00:00-05:00,126.5442123413086,210.84429931640625,85.99476623535156,159.3314971923828,243.2566680908203
2021-01-05 00:00:00-05:00,128.1087646484375,211.04766845703125,86.68824768066406,160.92550659179688,245.0366668701172
2021-01-06 00:00:00-05:00,123.79644012451172,205.5753631591797,85.83283996582031,156.91900634765625,251.9933319091797
2021-01-07 00:00:00-05:00,128.02078247070312,211.42543029785156,88.39655303955078,158.10800170898438,272.0133361816406
2021-01-08 00:00:00-05:00,129.12574768066406,212.7135772705078,89.56681060791016,159.13499450683594,293.3399963378906
2021-01-11 00:00:00-05:00,126.12373352050781,210.6505889892578,87.497314453125,155.7104949951172,270.39666748046875
2021-01-12 00:00:00-05:00,125.94773864746094,208.1710662841797,86.5577163696289,156.04150390625,283.14666748046875
2021-01-13 00:00:00-05:00,127.99143981933594,209.53675842285156,87.04695892333984,158.29449462890625,284.8033447265625
2021-01-14 00:00:00-05:00,126.0552978515625,206.32115173339844,86.23339080810547,156.37350463867188,281.6666564941406
2021-01-15 00:00:00-05:00,124.32447814941406,205.96275329589844,86.0689926147461,155.21249389648438,275.38665771484375
2021-01-19 00:00:00-05:00,124.99919891357422,209.63357543945312,88.90122985839844,156.03799438476562,281.51666259765625
2021-01-20 00:00:00-05:00,129.10618591308594,217.28512573242188,93.6639633178711,163.16900634765625,283.48333740234375
2021-01-21 00:00:00-05:00,133.83901977539062,217.89537048339844,93.86722564697266,165.34950256347656,281.663330078125
2021-01-22 00:00:00-05:00,135.99029541015625,218.8445281982422,94.28620910644531,164.6114959716797,282.21331787109375
2021-01-25 00:00:00-05:00,139.7550506591797,222.3119659423828,94.37189483642578,164.6999969482422,293.6000061035156
2021-01-26 00:00:00-05:00,139.98971557617188,225.02391052246094,95.05292510986328,166.30650329589844,294.36334228515625
2021-01-27 00:00:00-05:00,138.91407775878906,225.5759735107422,90.61849975585938,161.62899780273438,288.0533447265625
2021-01-28 00:00:00-05:00,134.0541534423828,231.41635131835938,92.32530975341797,161.88099670410156,278.4766540527344
2021-01-29 00:00:00-05:00,129.03778076171875,224.6655731201172,91.03797912597656,160.30999755859375,264.510009765625
2021-02-01 00:00:00-05:00,131.1694793701172,232.11367797851562,94.31161499023438,167.1439971923828,279.9366760253906
2021-02-02 00:00:00-05:00,132.0006103515625,231.97808837890625,95.60940551757812,169.0,290.92999267578125
2021-02-03 00:00:00-05:00,130.97390747070312,235.3583526611328,102.5721664428711,165.62649536132812,284.89666748046875
2021-02-04 00:00:00-05:00,134.34750366210938,234.39950561523438,102.31061553955078,166.5500030517578,283.3299865722656
2021-02-05 00:00:00-05:00,133.9312744140625,234.58352661132812,104.06426239013672,167.6074981689453,284.07666015625
2021-02-08 00:00:00-05:00,134.07821655273438,234.8450164794922,103.84953308105469,166.14700317382812,287.8066711425781
2021-02-09 00:00:00-05:00,133.19676208496094,236.10414123535156,103.39468383789062,165.25,283.1533203125
2021-02-10 00:00:00-05:00,132.58961486816406,235.1840057373047,103.94717407226562,164.32899475097656,268.2733459472656
2021-02-11 00:00:00-05:00,132.33499145507812,236.80149841308594,104.06027221679688,163.10650634765625,270.5533447265625
2021-02-12 00:00:00-05:00,132.57000732421875,237.28579711914062,104.37313842773438,163.885498046875,272.0400085449219
2021-02-16 00:00:00-05:00,130.43515014648438,236.03634643554688,105.15381622314453,163.44749450683594,265.40667724609375
2021-02-17 00:00:00-05:00,128.1337432861328,237.06536865234375,105.54837036132812,165.4320068359375,266.04998779296875
2021-02-18 00:00:00-05:00,127.02711486816406,236.66734313964844,104.91018676757812,166.4114990234375,262.4599914550781
2021-02-19 00:00:00-05:00,127.18376922607422,233.9297332763672,104.06326293945312,162.4949951171875,260.4333190917969
2021-02-22 00:00:00-05:00,123.39383697509766,227.65847778320312,102.34200286865234,159.03700256347656,238.1666717529297
2021-02-23 00:00:00-05:00,123.2567367553711,226.4547119140625,102.63394165039062,159.72500610351562,232.94667053222656
2021-02-24 00:00:00-05:00,122.75728607177734,227.6973114013672,103.81416320800781,157.97650146484375,247.33999633789062
2021-02-25 00:00:00-05:00,118.48747253417969,222.2997283935547,100.43342590332031,152.85800170898438,227.4066619873047
2021-02-26 00:00:00-05:00,118.75187683105469,225.5906982421875,100.73033905029297,154.64649963378906,225.1666717529297
2021-03-01 00:00:00-05:00,125.14682006835938,230.01747131347656,103.10921478271484,157.3070068359375,239.47666931152344
2021-03-02 00:00:00-05:00,122.53205108642578,227.03717041015625,102.85115051269531,154.72650146484375,228.81333923339844
2021-03-03 00:00:00-05:00,119.53534698486328,220.9114990234375,100.20724487304688,150.25,217.73333740234375
2021-03-04 00:00:00-05:00,117.6452407836914,220.1057891845703,101.32917785644531,148.8784942626953,207.14666748046875
2021-03-05 00:00:00-05:00,118.90857696533203,224.83351135253906,104.47476959228516,150.0229949951172,199.31666564941406
2021-03-08 00:00:00-05:00,113.95323181152344,220.74652099609375,100.01244354248047,147.59750366210938,187.6666717529297
2021-03-09 00:00:00-05:00,118.58539581298828,226.9498291015625,101.6495132446289,153.1425018310547,224.52667236328125
2021-03-10 00:00:00-05:00,117.49835968017578,225.6295623779297,101.44176483154297,152.8820037841797,222.68666076660156
2021-03-11 00:00:00-05:00,119.4374008178711,230.20193481445312,104.64764404296875,155.67950439453125,233.1999969482422
2021-03-12 00:00:00-05:00,118.52662658691406,228.86219787597656,102.12977600097656,154.47450256347656,231.2433319091797
2021-03-15 00:00:00-04:00,121.42543029785156,227.94970703125,102.35096740722656,154.08399963378906,235.97999572753906
2021-03-16 00:00:00-04:00,122.97274017333984,230.76498413085938,103.81816101074219,154.59300231933594,225.6266632080078
2021-03-17 00:00:00-04:00,122.17949676513672,230.11453247070312,103.73494720458984,156.7864990234375,233.93666076660156
2021-03-18 00:00:00-04:00,118.03697204589844,223.97923278808594,100.70194244384766,151.39950561523438,217.72000122070312
2021-03-19 00:00:00-04:00,117.50814056396484,223.62002563476562,100.98192596435547,153.7480010986328,218.2899932861328
2021-03-22 00:00:00-04:00,120.83782958984375,229.09524536132812,101.16775512695312,155.5435028076172,223.3333282470703
2021-03-23 00:00:00-04:00,120.00540161132812,230.63880920410156,101.69784545898438,156.875,220.72000122070312
2021-03-24 00:00:00-04:00,117.60609436035156,228.58071899414062,101.25942993164062,154.35350036621094,210.08999633789062
2021-03-25 00:00:00-04:00,118.09573364257812,225.5518798828125,101.25594329833984,152.31300354003906,213.4633331298828
2021-03-26 00:00:00-04:00,118.70292663574219,229.57093811035156,100.87084197998047,152.60150146484375,206.23666381835938
2021-03-29 00:00:00-04:00,118.87921142578125,228.3671417236328,101.92002868652344,153.7864990234375,203.76333618164062
2021-03-30 00:00:00-04:00,117.42001342773438,225.07618713378906,101.95391082763672,152.76449584960938,211.8733367919922
2021-03-31 00:00:00-04:00,119.62345886230469,228.88168334960938,102.75350952148438,154.70399475097656,222.64332580566406
2021-04-01 00:00:00-04:00,120.45588684082031,235.26942443847656,106.10436248779297,158.0500030517578,220.5833282470703
2021-04-05 00:00:00-04:00,123.2958984375,241.7930908203125,110.54725646972656,161.3365020751953,230.35000610351562
2021-04-06 00:00:00-04:00,123.59949493408203,240.61843872070312,110.06400299072266,161.1909942626953,230.5399932861328
2021-04-07 00:00:00-04:00,125.25455474853516,242.59884643554688,111.54713439941406,163.96949768066406,223.6566619873047
2021-04-08 00:00:00-04:00,127.66365814208984,245.85096740722656,112.11507415771484,164.96499633789062,227.93333435058594
2021-04-09 00:00:00-04:00,130.24903869628906,248.37501525878906,113.12342071533203,168.61000061035156,225.67333984375
2021-04-12 00:00:00-04:00,128.52545166015625,248.43325805664062,111.82562255859375,168.96949768066406,233.9933319091797
2021-04-13 00:00:00-04:00,131.6494903564453,250.9378662109375,112.3143539428711,170.0,254.10667419433594
2021-04-14 00:00:00-04:00,129.29913330078125,248.12258911132812,111.69061279296875,166.64999389648438,244.07666015625
2021-04-15 00:00:00-04:00,131.7180633544922,251.91836547851562,113.84978485107422,168.95449829101562,246.28334045410156
2021-04-16 00:00:00-04:00,131.3850860595703,253.12216186523438,113.72523498535156,169.9720001220703,246.5933380126953
2021-04-19 00:00:00-04:00,132.0509796142578,251.1805877685547,114.07447052001953,168.60049438476562,238.2100067138672
2021-04-20 00:00:00-04:00,130.3567657470703,250.71458435058594,113.53890991210938,166.7344970703125,239.663330078125
2021-04-21 00:00:00-04:00,130.73875427246094,252.96678161621094,113.50603485107422,168.1009979248047,248.0399932861328
2021-04-22 00:00:00-04:00,129.2110137939453,249.65643310546875,112.21919250488281,165.45199584960938,239.89666748046875
2021-04-23 00:00:00-04:00,131.54173278808594,253.5201416015625,114.58113861083984,167.04400634765625,243.13333129882812
2021-04-26 00:00:00-04:00,131.93345642089844,253.90846252441406,115.07933044433594,170.4499969482422,246.06666564941406
2021-04-27 00:00:00-04:00,131.61032104492188,254.31617736816406,114.13525390625,170.8715057373047,234.913330078125
2021-04-28 00:00:00-04:00,130.81704711914062,247.12271118164062,117.52596282958984,172.9250030517578,231.46665954589844
2021-04-29 00:00:00-04:00,130.71910095214844,245.132568359375,119.20586395263672,173.5655059814453,225.6666717529297
2021-04-30 00:00:00-04:00,128.74093627929688,244.81222534179688,117.24996185302734,173.37100219726562,236.47999572753906
2021-05-03 00:00:00-04:00,129.79852294921875,244.50157165527344,116.73084259033203,169.32449340820312,228.3000030517578
2021-05-04 00:00:00-04:00,125.20559692382812,240.5504608154297,114.92488861083984,165.593505859375,224.53334045410156
2021-05-05 00:00:00-04:00,125.4504165649414,239.26902770996094,115.3204574584961,163.52699279785156,223.64666748046875
2021-05-06 00:00:00-04:00,127.0564956665039,242.4337921142578,116.44538116455078,165.31849670410156,221.17999267578125
2021-05-07 00:00:00-04:00,127.73339080810547,245.08404541015625,117.17173767089844,164.58050537109375,224.1233367919922
2021-05-10 00:00:00-04:00,124.4372787475586,239.9582977294922,114.17361450195312,159.52450561523438,209.67999267578125
2021-05-11 00:00:00-04:00,123.51514434814453,239.03607177734375,113.09302520751953,161.19549560546875,205.73333740234375
2021-05-12 00:00:00-04:00,120.43486022949219,232.01730346679688,109.6151351928711,157.5970001220703,196.6300048828125
2021-05-13 00:00:00-04:00,122.59303283691406,235.92953491210938,111.0494384765625,158.07350158691406,190.56333923339844
2021-05-14 00:00:00-04:00,125.02584838867188,240.8999481201172,113.50752258300781,161.14500427246094,196.5800018310547
2021-05-17 00:00:00-04:00,123.86829376220703,238.01673889160156,114.0326156616211,163.51950073242188,192.27667236328125
2021-05-18 00:00:00-04:00,122.47530364990234,235.9780731201172,112.71489715576172,161.61399841308594,192.6233367919922
2021-05-19 00:00:00-04:00,122.31835174560547,236.56190490722656,113.1647720336914,161.58999633789062,187.82000732421875
2021-05-20 00:00:00-04:00,124.88851165771484,239.83128356933594,114.93087005615234,162.38400268554688,195.5933380126953
2021-05-21 00:00:00-04:00,123.04428100585938,238.5565948486328,114.29217529296875,160.1540069580078,193.6266632080078
2021-05-24 00:00:00-04:00,124.68251037597656,244.0153045654297,117.62560272216797,162.24949645996094,202.14666748046875
2021-05-25 00:00:00-04:00,124.48632049560547,244.929931640625,117.71676635742188,162.95249938964844,201.56333923339844
2021-05-26 00:00:00-04:00,124.4372787475586,244.70616149902344,118.58562469482422,163.25799560546875,206.3766632080078
2021-05-27 00:00:00-04:00,122.89712524414062,242.58493041992188,117.70730590820312,161.5054931640625,210.28334045410156
2021-05-28 00:00:00-04:00,122.23986053466797,242.9449462890625,117.41685485839844,161.15350341796875,208.4066619873047
2021-06-01 00:00:00-04:00,121.91615295410156,240.72647094726562,118.62895965576172,160.9324951171875,207.96665954589844
2021-06-02 00:00:00-04:00,122.68131256103516,240.629150390625,118.10137939453125,161.69949340820312,201.7066650390625
2021-06-03 00:00:00-04:00,121.19022369384766,239.08206176757812,116.95502471923828,159.35049438476562,190.94667053222656
2021-06-04 00:00:00-04:00,123.49552917480469,244.02499389648438,119.2462158203125,160.31100463867188,199.68333435058594
2021-06-07 00:00:00-04:00,123.50533294677734,246.9635772705078,119.68114471435547,159.90049743652344,201.7100067138672
2021-06-08 00:00:00-04:00,124.32937622070312,245.7570037841797,119.48883819580078,163.20550537109375,201.19667053222656
2021-06-09 00:00:00-04:00,124.7119369506836,246.74949645996094,119.9621353149414,164.0574951171875,199.5933380126953
2021-06-10 00:00:00-04:00,123.71135711669922,250.30101013183594,121.31671142578125,167.4824981689453,203.3733367919922
2021-06-11 00:00:00-04:00,124.92774200439453,250.93353271484375,121.07110595703125,167.3415069580078,203.29666137695312
2021-06-14 00:00:00-04:00,127.99824523925781,252.8795166015625,122.00323486328125,169.19349670410156,205.89666748046875
2021-06-15 00:00:00-04:00,127.17420196533203,251.3908233642578,120.98094177246094,169.156494140625,199.7866668701172
2021-06-16 00:00:00-04:00,127.67452239990234,250.43724060058594,120.33626556396484,170.7624969482422,201.6233367919922
2021-06-17 00:00:00-04:00,129.28330993652344,253.86227416992188,121.30376434326172,174.46200561523438,205.53334045410156
2021-06-18 00:00:00-04:00,127.97860717773438,252.43190002441406,119.67716217041016,174.34500122070312,207.77000427246094
2021-06-21 00:00:00-04:00,129.7836151123047,255.545654296875,121.37252044677734,172.697998046875,206.94332885742188
2021-06-22 00:00:00-04:00,131.43165588378906,258.3479309082031,121.88864135742188,175.27200317382812,207.90333557128906
2021-06-23 00:00:00-04:00,131.15696716308594,258.1144104003906,121.68588256835938,175.1909942626953,218.85667419433594
2021-06-24 00:00:00-04:00,130.8725128173828,259.4961242675781,122.05753326416016,172.45399475097656,226.60667419433594
2021-06-25 00:00:00-04:00,130.5782012939453,257.8711242675781,122.06600189208984,170.072998046875,223.9566650390625
2021-06-28 00:00:00-04:00,132.2164306640625,261.47137451171875,122.09339904785156,172.1945037841797,229.57333374023438
2021-06-29 00:00:00-04:00,133.7369384765625,264.0790710449219,121.83085632324219,172.40699768066406,226.9199981689453
2021-06-30 00:00:00-04:00,134.35498046875,263.5925598144531,121.64851379394531,172.00799560546875,226.56666564941406
2021-07-01 00:00:00-04:00,134.6591033935547,264.273681640625,122.00223541259766,171.64849853515625,225.97332763671875
2021-07-02 00:00:00-04:00,137.2979278564453,270.1604309082031,124.80506896972656,175.5489959716797,226.3000030517578
2021-07-06 00:00:00-04:00,139.3187255859375,270.17022705078125,125.73420715332031,183.78700256347656,219.86000061035156
2021-07-07 00:00:00-04:00,141.8202362060547,272.3790588378906,126.01717376708984,184.82899475097656,214.88333129882812
2021-07-08 00:00:00-04:00,140.51553344726562,269.93670654296875,124.59233856201172,186.57049560546875,217.60333251953125
2021-07-09 00:00:00-04:00,142.34996032714844,270.442626953125,125.06512451171875,185.9669952392578,218.98333740234375
2021-07-12 00:00:00-04:00,141.75155639648438,269.8393859863281,126.5168685913086,185.92750549316406,228.56666564941406
2021-07-13 00:00:00-04:00,142.86988830566406,273.400634765625,126.88153839111328,183.8679962158203,222.84666442871094
2021-07-14 00:00:00-04:00,146.3131103515625,274.889404296875,127.77381134033203,184.08399963378906,217.7933349609375
2021-07-15 00:00:00-04:00,145.6558837890625,273.44927978515625,126.5462646484375,181.55999755859375,216.86666870117188
2021-07-16 00:00:00-04:00,143.60562133789062,273.1768798828125,126.51139068603516,178.68150329589844,214.74000549316406
2021-07-19 00:00:00-04:00,139.74057006835938,269.5377502441406,124.12802124023438,177.47950744628906,215.4066619873047
2021-07-20 00:00:00-04:00,143.3701629638672,271.7854919433594,125.7536392211914,178.6595001220703,220.1666717529297
2021-07-21 00:00:00-04:00,142.63441467285156,273.809326171875,127.08829498291016,179.25999450683594,218.42999267578125
2021-07-22 00:00:00-04:00,144.00779724121094,278.4214782714844,127.95763397216797,181.90150451660156,216.4199981689453
2021-07-23 00:00:00-04:00,145.7343292236328,281.8562316894531,132.5345458984375,182.83200073242188,214.4600067138672
2021-07-26 00:00:00-04:00,146.1561737060547,281.2529602050781,133.55087280273438,184.99099731445312,219.2066650390625
2021-07-27 00:00:00-04:00,143.97840881347656,278.8106689453125,131.423583984375,181.3195037841797,214.92666625976562
2021-07-28 00:00:00-04:00,142.22244262695312,278.499267578125,135.60243225097656,181.51600646972656,215.66000366210938
2021-07-29 00:00:00-04:00,142.86988830566406,278.77178955078125,135.2870635986328,179.99600219726562,225.78334045410156
2021-07-30 00:00:00-04:00,143.08567810058594,277.2246398925781,134.2398681640625,166.37950134277344,229.06666564941406
2021-08-02 00:00:00-04:00,142.75216674804688,277.1370849609375,134.36741638183594,166.57400512695312,236.55667114257812
2021-08-03 00:00:00-04:00,144.55714416503906,279.3750305175781,135.14010620117188,168.31199645996094,236.5800018310547
2021-08-04 00:00:00-04:00,144.15493774414062,278.7814636230469,134.63743591308594,167.73599243164062,236.97332763671875
2021-08-05 00:00:00-04:00,144.26287841796875,281.7102355957031,135.7593536376953,168.79949951171875,238.2100067138672
2021-08-06 00:00:00-04:00,143.57516479492188,281.6518859863281,135.24819946289062,167.2469940185547,233.03334045410156
2021-08-09 00:00:00-04:00,143.5260009765625,280.5523986816406,136.41845703125,167.093505859375,237.9199981689453
2021-08-10 00:00:00-04:00,143.04464721679688,278.71337890625,136.3128662109375,166.03399658203125,236.663330078125
2021-08-11 00:00:00-04:00,143.30006408691406,279.2096252441406,135.78675842285156,164.60549926757812,235.94000244140625
2021-08-12 00:00:00-04:00,146.27688598632812,281.9924621582031,136.69845581054688,165.1750030517578,240.75
2021-08-13 00:00:00-04:00,146.48321533203125,284.950439453125,137.2300262451172,164.69850158691406,239.05667114257812
2021-08-16 00:00:00-04:00,148.46775817871094,286.65325927734375,137.80992126464844,164.94949340820312,228.72332763671875
2021-08-17 00:00:00-04:00,147.55410766601562,285.17425537109375,136.16787719726562,162.09800720214844,221.90333557128906
2021-08-18 00:00:00-04:00,143.79127502441406,283.42926025390625,134.95977783203125,160.06100463867188,229.663330078125
2021-08-19 00:00:00-04:00,144.12533569335938,289.31756591796875,135.18992614746094,159.3874969482422,224.49000549316406
2021-08-20 00:00:00-04:00,145.5891876220703,296.7169189453125,136.93312072753906,159.99749755859375,226.75332641601562
2021-08-23 00:00:00-04:00,147.08251953125,296.99957275390625,139.5356903076172,163.2935028076172,235.43333435058594
2021-08-24 00:00:00-04:00,146.9940643310547,295.0206298828125,140.7512664794922,165.28900146484375,236.163330078125
2021-08-25 00:00:00-04:00,145.7561798095703,294.4259338378906,141.56581115722656,164.95899963378906,237.06666564941406
2021-08-26 00:00:00-04:00,144.95059204101562,291.5792541503906,140.92962646484375,165.8000030517578,233.72000122070312
2021-08-27 00:00:00-04:00,145.99197387695312,292.1934814453125,143.48387145996094,167.48150634765625,237.30667114257812
2021-08-30 00:00:00-04:00,150.4326629638672,295.96624755859375,144.06825256347656,171.07850646972656,243.6366729736328
2021-08-31 00:00:00-04:00,149.165283203125,294.29925537109375,144.1748504638672,173.5395050048828,245.24000549316406
2021-09-01 00:00:00-04:00,149.8333282470703,294.2504577636719,144.69097900390625,173.9499969482422,244.69667053222656
2021-09-02 00:00:00-04:00,150.9533233642578,293.5875549316406,142.7694549560547,173.156005859375,244.1300048828125
2021-09-03 00:00:00-04:00,151.59190368652344,293.57781982421875,143.22032165527344,173.90249633789062,244.52333068847656
2021-09-07 00:00:00-04:00,153.9399871826172,292.6419372558594,143.75936889648438,175.46449279785156,250.97332763671875
2021-09-08 00:00:00-04:00,152.3877410888672,292.67108154296875,143.17198181152344,176.27499389648438,251.2899932861328
2021-09-09 00:00:00-04:00,151.365966796875,289.7854919433594,143.0225372314453,174.20799255371094,251.6199951171875
2021-09-10 00:00:00-04:00,146.35548400878906,288.2841796875,140.36715698242188,173.45750427246094,245.42333984375
2021-09-13 00:00:00-04:00,146.92532348632812,289.531982421875,141.8184051513672,172.85850524902344,247.6666717529297
2021-09-14 00:00:00-04:00,145.52037048339844,292.2616882324219,142.0296173095703,172.5,248.163330078125
2021-09-15 00:00:00-04:00,146.41444396972656,297.1653747558594,143.9078369140625,173.7895050048828,251.94332885742188
2021-09-16 00:00:00-04:00,146.1786651611328,297.55535888671875,143.09127807617188,174.41200256347656,252.3300018310547
2021-09-17 00:00:00-04:00,143.49658203125,292.33966064453125,140.29144287109375,173.12600708007812,253.163330078125
2021-09-20 00:00:00-04:00,140.4313201904297,286.90948486328125,138.2184600830078,167.7864990234375,243.38999938964844
2021-09-21 00:00:00-04:00,140.91270446777344,287.3969421386719,138.5308074951172,167.18150329589844,246.4600067138672
2021-09-22 00:00:00-04:00,143.29022216796875,291.08209228515625,139.77679443359375,169.00250244140625,250.64666748046875
2021-09-23 00:00:00-04:00,144.25306701660156,292.03741455078125,140.70594787597656,170.8000030517578,251.2133331298828
2021-09-24 00:00:00-04:00,144.34144592285156,291.8327331542969,141.70132446289062,171.2760009765625,258.1300048828125
2021-09-27 00:00:00-04:00,142.81866455078125,286.7828674316406,140.5624542236328,170.2899932861328,263.78668212890625
2021-09-28 00:00:00-04:00,139.4193878173828,276.4002685546875,135.33937072753906,165.79800415039062,259.1866760253906
2021-09-29 00:00:00-04:00,140.32325744628906,276.8682556152344,133.86822509765625,165.05599975585938,260.4366760253906
2021-09-30 00:00:00-04:00,139.01658630371094,274.8404541015625,133.1931610107422,164.2519989013672,258.49334716796875
2021-10-01 00:00:00-04:00,140.14637756347656,281.84014892578125,136.04981994628906,164.16299438476562,258.40667724609375
2021-10-04 00:00:00-04:00,136.69798278808594,276.00054931640625,133.17672729492188,159.48899841308594,260.510009765625
2021-10-05 00:00:00-04:00,138.6334228515625,281.5086975097656,135.5316925048828,161.0500030517578,260.1966552734375
2021-10-06 00:00:00-04:00,139.5078125,285.7494201660156,137.068115234375,163.10049438476562,260.9166564941406
2021-10-07 00:00:00-04:00,140.77517700195312,287.4457092285156,138.72213745117188,165.1215057373047,264.53668212890625
2021-10-08 00:00:00-04:00,140.39199829101562,287.4457092285156,139.28060913085938,164.43099975585938,261.8299865722656
2021-10-11 00:00:00-04:00,140.30360412597656,286.84130859375,138.41224670410156,162.31500244140625,263.9800109863281
2021-10-12 00:00:00-04:00,139.02639770507812,285.52520751953125,135.95616149902344,162.3665008544922,268.5733337402344
2021-10-13 00:00:00-04:00,138.4369354248047,288.8690490722656,137.08505249023438,164.21400451660156,270.3599853515625
2021-10-14 00:00:00-04:00,141.2369384765625,295.1473693847656,140.6411590576172,164.9929962158203,272.7733459472656
2021-10-15 00:00:00-04:00,142.29798889160156,296.5706481933594,140.8573760986328,170.4510040283203,281.010009765625
2021-10-18 00:00:00-04:00,143.9779815673828,299.5733642578125,142.2622833251953,172.33700561523438,290.03668212890625
2021-10-19 00:00:00-04:00,146.14915466308594,300.4897766113281,142.71961975097656,172.20750427246094,288.0899963378906
2021-10-20 00:00:00-04:00,146.6404266357422,299.6903076171875,141.25692749023438,170.7530059814453,288.6000061035156
2021-10-21 00:00:00-04:00,146.85653686523438,302.9562072753906,141.37351989746094,171.75050354003906,298.0
2021-10-22 00:00:00-04:00,146.08041381835938,301.3963928222656,137.06961059570312,166.77749633789062,303.2266540527344
2021-10-25 00:00:00-04:00,146.03126525878906,300.3922119140625,136.95054626464844,166.01849365234375,341.6199951171875
2021-10-26 00:00:00-04:00,146.69935607910156,302.3224792480469,138.80531311035156,168.80349731445312,339.4766540527344
2021-10-27 00:00:00-04:00,146.23760986328125,315.0545349121094,145.68936157226562,169.62449645996094,345.9533386230469
2021-10-28 00:00:00-04:00,149.89231872558594,316.2049560546875,145.3221893310547,172.32850646972656,359.0133361816406
2021-10-29 00:00:00-04:00,147.17092895507812,323.2923889160156,147.5112762451172,168.6215057373047,371.3333435058594
2021-11-01 00:00:00-04:00,146.3456573486328,321.0989074707031,142.97869873046875,165.90550231933594,402.86334228515625
2021-11-02 00:00:00-04:00,147.38706970214844,324.7644958496094,144.90721130371094,165.6374969482422,390.6666564941406
2021-11-03 00:00:00-04:00,148.83126831054688,325.6125793457031,146.0684814453125,169.1999969482422,404.6199951171875
2021-11-04 00:00:00-04:00,148.31057739257812,327.9913330078125,147.73194885253906,173.85000610351562,409.9700012207031
2021-11-05 00:00:00-04:00,148.84185791015625,327.62091064453125,148.31436157226562,175.94949340820312,407.36334228515625
2021-11-08 00:00:00-05:00,148.01539611816406,328.5275573730469,148.49270629882812,174.44900512695312,387.64666748046875
2021-11-09 00:00:00-05:00,148.37942504882812,327.5136413574219,148.380615234375,178.81149291992188,341.1666564941406
2021-11-10 00:00:00-05:00,145.5360107421875,322.4929504394531,145.36651611328125,174.1024932861328,355.98333740234375
2021-11-11 00:00:00-05:00,145.48681640625,324.0820007324219,145.24000549316406,173.625,354.5033264160156
2021-11-12 00:00:00-05:00,147.57266235351562,328.26434326171875,148.14097595214844,176.25750732421875,344.47332763671875
2021-11-15 00:00:00-05:00,147.5824737548828,327.6306457519531,147.915771484375,177.28399658203125,337.7966613769531
2021-11-16 00:00:00-05:00,148.5663604736328,330.9842224121094,147.34188842773438,177.03500366210938,351.57666015625
2021-11-17 00:00:00-05:00,151.0162353515625,331.2088623046875,147.5122528076172,177.4499969482422,363.0033264160156
2021-11-18 00:00:00-05:00,155.32562255859375,333.3087463378906,149.2972869873047,184.80299377441406,365.4599914550781
2021-11-19 00:00:00-05:00,157.96243286132812,335.1058654785156,148.38858032226562,183.82850646972656,379.0199890136719
2021-11-22 00:00:00-05:00,158.42489624023438,331.90228271484375,145.7735595703125,178.6284942626953,385.6233215332031
2021-11-23 00:00:00-05:00,158.8086395263672,329.8024597167969,145.25543212890625,179.0019989013672,369.6766662597656
2021-11-24 00:00:00-05:00,159.33004760742188,330.02716064453125,145.5922088623047,179.02049255371094,372.0
2021-11-26 00:00:00-05:00,154.2827606201172,321.98907470703125,141.66943359375,175.22799682617188,360.6400146484375
2021-11-29 00:00:00-05:00,157.657470703125,328.7770080566406,145.0048370361328,178.07850646972656,378.9966735839844
2021-11-30 00:00:00-05:00,162.6359100341797,322.87786865234375,141.38497924804688,175.35350036621094,381.586669921875
2021-12-01 00:00:00-05:00,162.1144561767578,322.3797912597656,140.54202270507812,172.18600463867188,365.0
2021-12-02 00:00:00-05:00,161.1207275390625,321.8035583496094,142.44961547851562,171.8679962158203,361.5333251953125
2021-12-03 00:00:00-05:00,159.23165893554688,315.4746398925781,141.4886016845703,169.489501953125,338.3233337402344
2021-12-06 00:00:00-05:00,162.6555938720703,318.5804748535156,142.63790893554688,171.36849975585938,336.336669921875
2021-12-07 00:00:00-05:00,168.42111206054688,327.10687255859375,146.73756408691406,176.1645050048828,350.5833435058594
2021-12-08 00:00:00-05:00,172.25827026367188,327.1557312011719,147.65122985839844,176.1580047607422,356.32000732421875
2021-12-09 00:00:00-05:00,171.7466278076172,325.3293762207031,147.105224609375,174.17100524902344,334.6000061035156
2021-12-10 00:00:00-05:00,176.55784606933594,334.54913330078125,147.46690368652344,172.21200561523438,339.010009765625
2021-12-13 00:00:00-05:00,172.90765380859375,331.4823303222656,145.29977416992188,169.5675048828125,322.13665771484375
2021-12-14 00:00:00-05:00,171.52037048339844,320.68035888671875,143.38720703125,169.0915069580078,319.5033264160156
2021-12-15 00:00:00-05:00,176.4102783203125,326.8431701660156,145.91204833984375,173.31500244140625,325.3299865722656
2021-12-16 00:00:00-05:00,169.4837188720703,317.320556640625,143.92327880859375,168.87100219726562,308.97332763671875
2021-12-17 00:00:00-05:00,168.3817901611328,316.24627685546875,141.21310424804688,170.0175018310547,310.8566589355469
2021-12-20 00:00:00-05:00,167.01416015625,312.4469909667969,141.0955047607422,167.07899475097656,299.9800109863281
2021-12-21 00:00:00-05:00,170.2019500732422,319.6548767089844,142.95428466796875,170.41700744628906,312.84332275390625
2021-12-22 00:00:00-05:00,172.8092498779297,325.427001953125,145.88613891601562,171.03700256347656,336.2900085449219
2021-12-23 00:00:00-05:00,173.43896484375,326.8822021484375,146.38584899902344,171.06849670410156,355.6666564941406
2021-12-27 00:00:00-05:00,177.42369079589844,334.4612121582031,147.37225341796875,169.66949462890625,364.64666748046875
2021-12-28 00:00:00-05:00,176.40040588378906,333.2891540527344,146.1571807861328,170.66099548339844,362.8233337402344
2021-12-29 00:00:00-05:00,176.4889678955078,333.9729309082031,146.12527465820312,169.2010040283203,362.0633239746094
2021-12-30 00:00:00-05:00,175.32798767089844,331.4042053222656,145.67242431640625,168.64450073242188,356.7799987792969
2021-12-31 00:00:00-05:00,174.7081756591797,328.4742431640625,144.32879638671875,166.7169952392578,352.260009765625
2022-01-03 00:00:00-05:00,179.07659912109375,326.9408264160156,144.46780395507812,170.4044952392578,399.9266662597656
2022-01-04 00:00:00-05:00,176.80381774902344,321.3347473144531,143.8779296875,167.52200317382812,383.1966552734375
2022-01-05 00:00:00-05:00,172.10084533691406,308.9993896484375,137.27735900878906,164.35699462890625,362.7066650390625
2022-01-06 00:00:00-05:00,169.22792053222656,306.55767822265625,137.2499542236328,163.25399780273438,354.8999938964844
2022-01-07 00:00:00-05:00,169.3951873779297,306.7139587402344,136.52207946777344,162.5540008544922,342.32000732421875
2022-01-10 00:00:00-05:00,169.4148712158203,306.9385681152344,138.1686248779297,161.48599243164062,352.7066650390625
2022-01-11 00:00:00-05:00,172.25827026367188,307.632080078125,139.23126220703125,165.36199951171875,354.79998779296875
2022-01-12 00:00:00-05:00,172.70103454589844,310.8453063964844,140.91964721679688,165.20700073242188,368.739990234375
2022-01-13 00:00:00-05:00,169.4148712158203,297.68951416015625,138.08644104003906,161.21400451660156,343.85333251953125
2022-01-14 00:00:00-05:00,170.28070068359375,302.9635925292969,138.97669982910156,162.13800048828125,349.8699951171875
2022-01-18 00:00:00-05:00,167.06336975097656,295.58966064453125,135.50677490234375,158.91749572753906,343.5033264160156
2022-01-19 00:00:00-05:00,163.5509033203125,296.2537841796875,134.6284637451172,156.2989959716797,331.8833312988281
2022-01-20 00:00:00-05:00,161.85861206054688,294.56414794921875,132.82598876953125,151.66749572753906,332.0899963378906
2022-01-21 00:00:00-05:00,159.79251098632812,289.1241149902344,129.88067626953125,142.64300537109375,314.6333312988281
2022-01-24 00:00:00-05:00,159.0152130126953,289.4562072753906,130.33154296875,144.54400634765625,310.0
2022-01-25 00:00:00-05:00,157.20484924316406,281.7599792480469,126.47650909423828,139.98599243164062,306.1333312988281
2022-01-26 00:00:00-05:00,157.11631774902344,289.7882385253906,128.76620483398438,138.87249755859375,312.4700012207031
2022-01-27 00:00:00-05:00,156.65390014648438,292.8451843261719,128.53903198242188,139.6374969482422,276.3666687011719
2022-01-28 00:00:00-05:00,167.58485412597656,301.06884765625,132.8693389892578,143.97799682617188,282.1166687011719
2022-01-31 00:00:00-05:00,171.9630889892578,303.7253112792969,134.81478881835938,149.57350158691406,312.239990234375
2022-02-01 00:00:00-05:00,171.7958526611328,301.5571594238281,137.14682006835938,151.19349670410156,310.4166564941406
2022-02-02 00:00:00-05:00,173.0060272216797,306.1474609375,147.46542358398438,150.6125030517578,301.88665771484375
2022-02-03 00:00:00-05:00,170.11341857910156,294.2223205566406,142.57315063476562,138.8455047607422,297.0466613769531
2022-02-04 00:00:00-05:00,169.82772827148438,298.8029479980469,142.77542114257812,157.63949584960938,307.7733459472656
2022-02-07 00:00:00-05:00,169.1085662841797,293.9293518066406,138.69822692871094,157.9355010986328,302.4466552734375
2022-02-08 00:00:00-05:00,172.2314453125,297.4551086425781,138.8955078125,161.4134979248047,307.3333435058594
2022-02-09 00:00:00-05:00,173.65992736816406,303.9499816894531,141.08056640625,161.1894989013672,310.6666564941406
2022-02-10 00:00:00-05:00,169.56175231933594,295.32598876953125,138.11929321289062,159.0034942626953,301.51666259765625
2022-02-11 00:00:00-05:00,166.13345336914062,288.1572265625,133.79747009277344,153.2935028076172,286.6666564941406
2022-02-14 00:00:00-05:00,166.369873046875,288.11810302734375,135.03648376464844,155.16700744628906,291.9200134277344
2022-02-15 00:00:00-05:00,170.22177124023438,293.4605407714844,136.11508178710938,156.510498046875,307.4766540527344
2022-02-16 00:00:00-05:00,169.98536682128906,293.11798095703125,137.24049377441406,158.10049438476562,307.7966613769531
2022-02-17 00:00:00-05:00,166.369873046875,284.534912109375,132.06027221679688,154.65249633789062,292.1166687011719
2022-02-18 00:00:00-05:00,164.81338500976562,281.79449462890625,129.93199157714844,152.60150146484375,285.6600036621094
2022-02-22 00:00:00-05:00,161.877685546875,281.5889892578125,129.34461975097656,150.19749450683594,273.84332275390625
2022-02-23 00:00:00-05:00,157.6908721923828,274.29779052734375,127.12715148925781,144.82699584960938,254.67999267578125
2022-02-24 00:00:00-05:00,160.32118225097656,288.3126220703125,132.2117156982422,151.35800170898438,266.92333984375
2022-02-25 00:00:00-05:00,162.39981079101562,290.9746398925781,133.97384643554688,153.7884979248047,269.9566650390625
2022-02-28 00:00:00-05:00,162.66580200195312,292.4231262207031,134.56918334960938,153.56300354003906,290.1433410644531
2022-03-01 00:00:00-05:00,160.77432250976562,288.6649475097656,133.5772705078125,151.14199829101562,288.1233215332031
2022-03-02 00:00:00-05:00,164.0843963623047,293.7933044433594,134.08543395996094,152.05250549316406,293.2966613769531
2022-03-03 00:00:00-05:00,163.75927734375,289.6142883300781,133.41586303710938,147.89849853515625,279.7633361816406
2022-03-04 00:00:00-05:00,160.7447509765625,283.6833801269531,131.43003845214844,145.64100646972656,279.42999267578125
2022-03-07 00:00:00-05:00,156.9322967529297,272.96673583984375,125.92202758789062,137.4530029296875,268.1933288574219
2022-03-08 00:00:00-05:00,155.0999298095703,269.971923828125,126.6454086303711,136.01449584960938,274.79998779296875
2022-03-09 00:00:00-05:00,160.52806091308594,282.3523864746094,132.93809509277344,139.2790069580078,286.3233337402344
2022-03-10 00:00:00-05:00,156.16390991210938,279.50433349609375,131.951171875,146.8175048828125,279.4333190917969
2022-03-11 00:00:00-05:00,152.43019104003906,274.10205078125,129.4014129638672,145.52450561523438,265.1166687011719
2022-03-14 00:00:00-04:00,148.38128662109375,270.5493469238281,125.49606323242188,141.85299682617188,255.4566650390625
2022-03-15 00:00:00-04:00,152.7848663330078,281.0311584472656,128.7313232421875,147.3665008544922,267.2966613769531
2022-03-16 00:00:00-04:00,157.21798706054688,288.1169128417969,132.79908752441406,153.10400390625,280.07666015625
2022-03-17 00:00:00-04:00,158.232666015625,288.92919921875,133.35557556152344,157.23899841308594,290.5333251953125
2022-03-18 00:00:00-04:00,161.54273986816406,294.0281677246094,135.63381958007812,161.25050354003906,301.7966613769531
2022-03-21 00:00:00-04:00,162.9219207763672,292.78521728515625,135.6099090576172,161.4915008544922,307.0533447265625
2022-03-22 00:00:00-04:00,166.31080627441406,297.5808410644531,139.36280822753906,164.88900756835938,331.32666015625
2022-03-23 00:00:00-04:00,167.68016052246094,293.10821533203125,137.7760467529297,163.4080047607422,333.03668212890625
2022-03-24 00:00:00-04:00,171.48275756835938,297.6199645996094,141.06065368652344,163.64950561523438,337.97332763671875
2022-03-25 00:00:00-04:00,172.12310791015625,297.2089538574219,141.16128540039062,164.77349853515625,336.8800048828125
2022-03-28 00:00:00-04:00,172.99002075195312,304.0793762207031,140.944580078125,168.99049377441406,363.9466552734375
2022-03-29 00:00:00-04:00,176.3000946044922,308.68896484375,141.9907684326172,169.31500244140625,366.5233459472656
2022-03-30 00:00:00-04:00,175.12777709960938,307.1719665527344,141.4258270263672,166.30099487304688,364.663330078125
2022-03-31 00:00:00-04:00,172.01475524902344,301.7402648925781,138.56520080566406,162.99749755859375,359.20001220703125
2022-04-01 00:00:00-04:00,171.7191925048828,302.8265686035156,139.64427185058594,163.55999755859375,361.5299987792969
2022-04-04 00:00:00-04:00,175.78778076171875,308.2583312988281,142.455078125,168.34649658203125,381.8166809082031
2022-04-05 00:00:00-04:00,172.45802307128906,304.2554931640625,140.08319091796875,164.05499267578125,363.7533264160156
2022-04-06 00:00:00-04:00,169.27606201171875,293.11798095703125,136.05479431152344,158.75599670410156,348.586669921875
2022-04-07 00:00:00-04:00,169.58143615722656,294.9481201171875,135.39767456054688,157.7845001220703,352.4200134277344
2022-04-08 00:00:00-04:00,167.56190490722656,290.6418762207031,132.8060760498047,154.4604949951172,341.8299865722656
2022-04-11 00:00:00-04:00,163.28640747070312,279.1814270019531,128.3582000732422,151.1219940185547,325.30999755859375
2022-04-12 00:00:00-04:00,165.1680450439453,276.04962158203125,127.2531967163086,150.78750610351562,328.98333740234375
2022-04-13 00:00:00-04:00,167.8673095703125,281.49114990234375,129.42481994628906,155.54100036621094,340.7900085449219
2022-04-14 00:00:00-04:00,162.83323669433594,273.8670959472656,126.27226257324219,151.7064971923828,328.3333435058594
2022-04-18 00:00:00-04:00,162.61651611328125,274.54241943359375,127.21533203125,152.78500366210938,334.7633361816406
2022-04-19 00:00:00-04:00,164.9119110107422,279.2205505371094,129.53941345214844,158.11549377441406,342.7166748046875
2022-04-20 00:00:00-04:00,164.74441528320312,280.25799560546875,127.57750701904297,153.9980010986328,325.73333740234375
2022-04-21 00:00:00-04:00,163.94647216796875,274.82623291015625,124.3636703491211,148.29600524902344,336.260009765625
2022-04-22 00:00:00-04:00,159.38528442382812,268.1907653808594,119.20337677001953,144.35000610351562,335.01666259765625
2022-04-25 00:00:00-04:00,160.45909118652344,274.73822021484375,122.62946319580078,146.07400512695312,332.67333984375
2022-04-26 00:00:00-04:00,154.46942138671875,264.4619140625,118.22144317626953,139.39100646972656,292.1400146484375
2022-04-27 00:00:00-04:00,154.2428741455078,277.1849365234375,113.88167572021484,138.16700744628906,293.836669921875
2022-04-28 00:00:00-04:00,161.20779418945312,283.4582824707031,118.09439849853516,144.59649658203125,292.5033264160156
2022-04-29 00:00:00-04:00,155.3068084716797,271.60638427734375,113.69733428955078,124.28150177001953,290.2533264160156
2022-05-02 00:00:00-04:00,155.61224365234375,278.4082336425781,116.16190338134766,124.5,300.9800109863281
2022-05-03 00:00:00-04:00,157.109619140625,275.77557373046875,116.91019439697266,124.25350189208984,303.0833435058594
2022-05-04 00:00:00-04:00,163.5524139404297,283.80084228515625,121.81939697265625,125.92849731445312,317.5400085449219
2022-05-05 00:00:00-04:00,154.4398956298828,271.4399719238281,116.08468627929688,116.40699768066406,291.09332275390625
2022-05-06 00:00:00-04:00,155.16995239257812,268.8758544921875,115.32842254638672,114.77249908447266,288.54998779296875
2022-05-09 00:00:00-04:00,150.01998901367188,258.94207763671875,112.10460662841797,108.78900146484375,262.3699951171875
2022-05-10 00:00:00-04:00,152.4371337890625,263.75726318359375,113.98180389404297,108.85900115966797,266.67999267578125
2022-05-11 00:00:00-04:00,144.53457641601562,254.9979705810547,113.19216918945312,105.37200164794922,244.6666717529297
2022-05-12 00:00:00-04:00,140.64744567871094,249.90879821777344,112.43641662597656,106.93049621582031,242.6666717529297
2022-05-13 00:00:00-04:00,145.13641357421875,255.5558624267578,115.63133239746094,113.05500030517578,256.5299987792969
2022-05-16 00:00:00-04:00,143.5874786376953,255.92774963378906,114.03162384033203,110.81050109863281,241.4566650390625
2022-05-17 00:00:00-04:00,147.2378387451172,261.1343688964844,116.05229949951172,115.36849975585938,253.8699951171875
2022-05-18 00:00:00-04:00,138.93080139160156,249.2449951171875,111.49532318115234,107.11250305175781,236.60333251953125
2022-05-19 00:00:00-04:00,135.50733947753906,248.32290649414062,109.98529815673828,107.31900024414062,236.47332763671875
2022-05-20 00:00:00-04:00,135.74411010742188,247.75392150878906,108.51461791992188,107.59100341796875,221.3000030517578
2022-05-23 00:00:00-04:00,141.19004821777344,255.68995666503906,111.0853042602539,107.55699920654297,224.96665954589844
2022-05-24 00:00:00-04:00,138.47695922851562,254.67955017089844,105.58724212646484,104.0999984741211,209.3866729736328
2022-05-25 00:00:00-04:00,138.63482666015625,257.5243835449219,105.4228286743164,106.7750015258789,219.60000610351562
2022-05-26 00:00:00-04:00,141.85107421875,260.8400573730469,107.40316009521484,111.07749938964844,235.91000366210938
2022-05-27 00:00:00-04:00,147.6324462890625,268.0404052734375,111.91081237792969,115.14649963378906,253.2100067138672
2022-05-31 00:00:00-04:00,146.8431854248047,266.6964111328125,113.3510971069336,120.20950317382812,252.75332641601562
2022-06-01 00:00:00-04:00,146.71493530273438,267.2359924316406,113.48062133789062,121.68399810791016,246.7899932861328
2022-06-02 00:00:00-04:00,149.18141174316406,269.3548889160156,117.19764709472656,125.51100158691406,258.3333435058594
2022-06-03 00:00:00-04:00,143.4296417236328,264.8816833496094,114.12728118896484,122.3499984741211,234.51666259765625
2022-06-06 00:00:00-04:00,144.1793975830078,263.6358337402344,116.39855194091797,124.79000091552734,238.27999877929688
2022-06-07 00:00:00-04:00,146.71493530273438,267.3145446777344,116.72635650634766,123.0,238.8866729736328
2022-06-08 00:00:00-04:00,145.97503662109375,265.2642822265625,116.77069854736328,121.18000030517578,241.86666870117188
2022-06-09 00:00:00-04:00,140.72634887695312,259.7511901855469,114.42072296142578,116.1500015258789,239.7066650390625
2022-06-10 00:00:00-04:00,135.29029846191406,248.17576599121094,110.7599868774414,109.6500015258789,232.22999572753906
2022-06-13 00:00:00-04:00,130.1107177734375,237.64991760253906,106.00820922851562,103.66999816894531,215.73666381835938
2022-06-14 00:00:00-04:00,130.97889709472656,239.83750915527344,106.33004760742188,102.30999755859375,220.88999938964844
2022-06-15 00:00:00-04:00,133.61306762695312,246.96914672851562,109.36803436279297,107.66999816894531,233.0
2022-06-16 00:00:00-04:00,128.3151397705078,240.308349609375,105.65050506591797,103.66000366210938,213.10000610351562
2022-06-17 00:00:00-04:00,129.79501342773438,242.93736267089844,106.75650787353516,106.22000122070312,216.75999450683594
2022-06-21 00:00:00-04:00,134.04722595214844,248.91148376464844,111.14109802246094,108.68000030517578,237.0366668701172
2022-06-22 00:00:00-04:00,133.53416442871094,248.31309509277344,111.08480834960938,108.94999694824219,236.086669921875
2022-06-23 00:00:00-04:00,136.41500854492188,253.9340362548828,111.83657836914062,112.44000244140625,235.07000732421875
2022-06-24 00:00:00-04:00,139.75953674316406,262.6058349609375,117.54887390136719,116.45999908447266,245.7066650390625
2022-06-27 00:00:00-04:00,139.75953674316406,259.8493347167969,115.41511535644531,113.22000122070312,244.9199981689453
2022-06-28 00:00:00-04:00,135.59613037109375,251.59934997558594,111.60293579101562,107.4000015258789,232.663330078125
2022-06-29 00:00:00-04:00,137.36212158203125,255.30740356445312,111.29803466796875,108.91999816894531,228.49000549316406
2022-06-30 00:00:00-04:00,134.8857879638672,251.94268798828125,108.56942749023438,106.20999908447266,224.47332763671875
2022-07-01 00:00:00-04:00,137.06613159179688,254.64035034179688,108.3447494506836,109.55999755859375,227.26333618164062
2022-07-05 00:00:00-04:00,139.66085815429688,257.84814453125,112.85389709472656,113.5,233.06666564941406
2022-07-06 00:00:00-04:00,141.00262451171875,261.1441650390625,114.15816497802734,114.33000183105469,231.73333740234375
2022-07-07 00:00:00-04:00,144.3865966796875,263.2925109863281,118.35395812988281,116.33000183105469,244.5433349609375
2022-07-08 00:00:00-04:00,145.06732177734375,262.56658935546875,118.92239379882812,115.54000091552734,250.76333618164062
2022-07-11 00:00:00-04:00,142.92645263671875,259.4765625,115.25868225097656,111.75,234.3433380126953
2022-07-12 00:00:00-04:00,143.90316772460938,248.8428192138672,113.60865783691406,109.22000122070312,233.07000732421875
2022-07-13 00:00:00-04:00,143.5381317138672,247.91087341308594,110.9512939453125,110.4000015258789,237.0399932861328
2022-07-14 00:00:00-04:00,146.47816467285156,249.2449951171875,109.96885681152344,110.62999725341797,238.31333923339844
2022-07-15 00:00:00-04:00,148.1553497314453,251.8347625732422,111.3737564086914,113.55000305175781,240.06666564941406
2022-07-18 00:00:00-04:00,145.09695434570312,249.41175842285156,108.63618469238281,113.76000213623047,240.54666137695312
2022-07-19 00:00:00-04:00,148.97421264648438,254.59133911132812,113.39891815185547,118.20999908447266,245.52999877929688
2022-07-20 00:00:00-04:00,150.98684692382812,257.2791442871094,113.48859405517578,122.7699966430664,247.5
2022-07-21 00:00:00-04:00,153.26585388183594,259.80023193359375,113.927001953125,124.62999725341797,271.7066650390625
2022-07-22 00:00:00-04:00,152.0227508544922,255.40550231933594,107.51026153564453,122.41999816894531,272.24334716796875
2022-07-25 00:00:00-04:00,150.89804077148438,253.9046173095703,107.1216812133789,121.13999938964844,268.4333190917969
2022-07-26 00:00:00-04:00,149.56617736816406,247.10647583007812,104.64067077636719,114.80999755859375,258.8599853515625
2022-07-27 00:00:00-04:00,154.68653869628906,263.6260070800781,112.65162658691406,120.97000122070312,274.82000732421875
2022-07-28 00:00:00-04:00,155.23902893066406,271.15008544921875,113.80744171142578,122.27999877929688,280.8999938964844
2022-07-29 00:00:00-04:00,160.32980346679688,275.39764404296875,115.89985656738281,134.9499969482422,297.1499938964844
2022-08-01 00:00:00-04:00,159.3432159423828,272.7196350097656,114.44512176513672,135.38999938964844,297.27667236328125
2022-08-02 00:00:00-04:00,157.8633575439453,269.5903015136719,114.71414947509766,134.16000366210938,300.586669921875
2022-08-03 00:00:00-04:00,163.90122985839844,277.0947570800781,117.65349578857422,139.52000427246094,307.39666748046875
2022-08-04 00:00:00-04:00,163.58554077148438,278.2522888183594,117.76309967041016,142.57000732421875,308.6333312988281
2022-08-05 00:00:00-04:00,163.35830688476562,277.5263977050781,117.04570007324219,140.8000030517578,288.1700134277344
2022-08-08 00:00:00-04:00,162.8840789794922,274.9856872558594,116.8763198852539,139.41000366210938,290.42333984375
2022-08-09 00:00:00-04:00,162.9334716796875,276.9279479980469,116.20873260498047,137.8300018310547,283.3333435058594
2022-08-10 00:00:00-04:00,167.2014617919922,283.657470703125,119.26764678955078,142.69000244140625,294.3566589355469
2022-08-11 00:00:00-04:00,166.46044921875,281.55816650390625,118.4107437133789,140.63999938964844,286.6300048828125
2022-08-12 00:00:00-04:00,170.0269775390625,286.3551330566406,121.24049377441406,143.5500030517578,300.0299987792969
2022-08-15 00:00:00-04:00,171.10385131835938,287.88543701171875,121.63905334472656,143.17999267578125,309.32000732421875
2022-08-16 00:00:00-04:00,170.94580078125,287.13995361328125,121.26041412353516,144.77999877929688,306.5633239746094
2022-08-17 00:00:00-04:00,172.44747924804688,286.3829650878906,119.11819458007812,142.10000610351562,303.9966735839844
2022-08-18 00:00:00-04:00,172.0522918701172,285.2524108886719,119.73594665527344,142.3000030517578,302.8699951171875
2022-08-19 00:00:00-04:00,169.45396423339844,281.3005676269531,116.78663635253906,138.22999572753906,296.6666564941406
2022-08-22 00:00:00-04:00,165.5515594482422,273.0428771972656,113.82736206054688,133.22000122070312,289.913330078125
2022-08-23 00:00:00-04:00,165.2156524658203,271.755126953125,113.44873809814453,133.6199951171875,296.4533386230469
2022-08-24 00:00:00-04:00,165.5120391845703,271.11614990234375,113.27935791015625,133.8000030517578,297.0966796875
2022-08-25 00:00:00-04:00,167.98193359375,274.124267578125,116.2286605834961,137.27999877929688,296.07000732421875
2022-08-26 00:00:00-04:00,161.6491241455078,263.5466613769531,109.94144439697266,130.75,288.0899963378906
2022-08-29 00:00:00-04:00,159.43612670898438,260.735107421875,109.02477264404297,129.7899932861328,284.82000732421875
2022-08-30 00:00:00-04:00,156.99588012695312,258.5133972167969,108.54651641845703,128.72999572753906,277.70001220703125
2022-08-31 00:00:00-04:00,155.32620239257812,257.038818359375,107.82910919189453,126.7699966430664,275.6099853515625
2022-09-01 00:00:00-04:00,156.0573272705078,255.98690795898438,109.34362030029297,127.81999969482422,277.1600036621094
2022-09-02 00:00:00-04:00,153.93321228027344,251.72048950195312,107.46044921875,127.51000213623047,270.2099914550781
2022-09-06 00:00:00-04:00,152.66860961914062,248.95811462402344,106.42420959472656,126.11000061035156,274.4200134277344
2022-09-07 00:00:00-04:00,154.08140563964844,253.71607971191406,109.0546646118164,129.47999572753906,283.70001220703125
2022-09-08 00:00:00-04:00,152.59945678710938,254.13877868652344,107.988525390625,129.82000732421875,289.260009765625
2022-09-09 00:00:00-04:00,155.4744415283203,259.97808837890625,110.25033569335938,133.27000427246094,299.67999267578125
2022-09-12 00:00:00-04:00,161.46141052246094,262.13104248046875,110.45957946777344,136.4499969482422,304.4200134277344
2022-09-13 00:00:00-04:00,151.98692321777344,247.71945190429688,103.94319915771484,126.81999969482422,292.1300048828125
2022-09-14 00:00:00-04:00,153.43923950195312,247.94557189941406,104.62074279785156,128.5500030517578,302.6099853515625
2022-09-15 00:00:00-04:00,150.5346221923828,241.22149658203125,102.53829193115234,126.27999877929688,303.75
2022-09-16 00:00:00-04:00,148.884765625,240.59234619140625,102.42869567871094,123.52999877929688,303.3500061035156
2022-09-19 00:00:00-04:00,152.61923217773438,240.37608337402344,102.69770812988281,124.66000366210938,309.07000732421875
2022-09-20 00:00:00-04:00,155.01007080078125,238.3411407470703,100.77467346191406,122.19000244140625,308.7300109863281
2022-09-21 00:00:00-04:00,151.86837768554688,234.9004669189453,98.92140197753906,118.54000091552734,300.79998779296875
2022-09-22 00:00:00-04:00,150.9001922607422,236.89608764648438,99.77828979492188,117.30999755859375,288.5899963378906
2022-09-23 00:00:00-04:00,148.61798095703125,233.88792419433594,98.38334655761719,113.77999877929688,275.3299865722656
2022-09-26 00:00:00-04:00,148.9539031982422,233.4258575439453,97.8154067993164,115.1500015258789,276.010009765625
2022-09-27 00:00:00-04:00,149.93199157714844,232.40350341796875,97.14783477783203,114.41000366210938,282.94000244140625
2022-09-28 00:00:00-04:00,148.03509521484375,236.9845428466797,99.68862915039062,118.01000213623047,287.80999755859375
2022-09-29 00:00:00-04:00,140.76377868652344,233.47503662109375,97.06812286376953,114.80000305175781,268.2099914550781
2022-09-30 00:00:00-04:00,136.5353240966797,228.9530029296875,95.30451202392578,113.0,265.25
2022-10-03 00:00:00-04:00,140.73414611816406,236.66014099121094,98.2837142944336,115.87999725341797,242.39999389648438
2022-10-04 00:00:00-04:00,144.34019470214844,244.6621856689453,101.27287292480469,121.08999633789062,249.44000244140625
2022-10-05 00:00:00-04:00,144.63656616210938,244.9767608642578,101.06363677978516,120.94999694824219,240.80999755859375
2022-10-06 00:00:00-04:00,143.67822265625,242.6075897216797,101.05366516113281,120.30000305175781,238.1300048828125
2022-10-07 00:00:00-04:00,138.40255737304688,230.27029418945312,98.32357025146484,114.55999755859375,223.07000732421875
2022-10-10 00:00:00-04:00,138.7285919189453,225.36483764648438,97.50653076171875,113.66999816894531,222.9600067138672
2022-10-11 00:00:00-04:00,137.30592346191406,221.58993530273438,96.82898712158203,112.20999908447266,216.5
2022-10-12 00:00:00-04:00,136.67364501953125,221.92417907714844,97.20761108398438,112.9000015258789,217.24000549316406
2022-10-13 00:00:00-04:00,141.26763916015625,230.27029418945312,98.70219421386719,112.52999877929688,221.72000122070312
2022-10-14 00:00:00-04:00,136.71316528320312,224.68655395507812,96.21122741699219,106.9000015258789,204.99000549316406
2022-10-17 00:00:00-04:00,140.6946258544922,233.5045166015625,99.60891723632812,113.79000091552734,219.35000610351562
2022-10-18 00:00:00-04:00,142.01846313476562,234.45809936523438,100.40602111816406,116.36000061035156,220.19000244140625
2022-10-19 00:00:00-04:00,142.1271514892578,232.4723358154297,99.2701416015625,115.06999969482422,222.0399932861328
2022-10-20 00:00:00-04:00,141.66281127929688,232.1479034423828,99.60891723632812,115.25,207.27999877929688
2022-10-21 00:00:00-04:00,145.49607849121094,238.0167236328125,100.76471710205078,119.31999969482422,214.44000244140625
2022-10-24 00:00:00-04:00,147.64981079101562,243.05979919433594,102.14970397949219,119.81999969482422,211.25
2022-10-25 00:00:00-04:00,150.50502014160156,246.41201782226562,104.10262298583984,120.5999984741211,222.4199981689453
2022-10-26 00:00:00-04:00,147.55101013183594,227.39976501464844,94.58711242675781,115.66000366210938,224.63999938964844
2022-10-27 00:00:00-04:00,143.0558319091797,222.90719604492188,91.88690185546875,110.95999908447266,225.08999633789062
2022-10-28 00:00:00-04:00,153.8640594482422,231.87265014648438,95.94219970703125,103.41000366210938,228.52000427246094
2022-10-31 00:00:00-04:00,151.49295043945312,228.196044921875,94.16863250732422,102.44000244140625,227.5399932861328
2022-11-01 00:00:00-04:00,148.83535766601562,224.3031463623047,90.14322662353516,96.79000091552734,227.82000732421875
2022-11-02 00:00:00-04:00,143.28306579589844,216.36993408203125,86.65586853027344,92.12000274658203,214.97999572753906
2022-11-03 00:00:00-04:00,137.2071533203125,210.61904907226562,83.12865447998047,89.30000305175781,215.30999755859375
2022-11-04 00:00:00-04:00,136.93995666503906,217.63804626464844,86.26727294921875,90.9800033569336,207.47000122070312
2022-11-07 00:00:00-05:00,137.47433471679688,224.00823974609375,88.17037963867188,90.52999877929688,197.0800018310547
2022-11-08 00:00:00-05:00,138.04830932617188,224.9912872314453,88.57889556884766,89.9800033569336,191.3000030517578
2022-11-09 00:00:00-05:00,133.46646118164062,220.70518493652344,87.00460052490234,86.13999938964844,177.58999633789062
2022-11-10 00:00:00-05:00,145.34158325195312,238.86216735839844,93.60069274902344,96.62999725341797,190.72000122070312
2022-11-11 00:00:00-05:00,148.1421356201172,242.92218017578125,96.061767578125,100.79000091552734,195.97000122070312
2022-11-14 00:00:00-05:00,146.7369384765625,237.45639038085938,95.35433197021484,98.48999786376953,190.9499969482422
2022-11-15 00:00:00-05:00,148.47862243652344,237.8693084716797,98.08443450927734,98.94000244140625,194.4199981689453
2022-11-16 00:00:00-05:00,147.24160766601562,238.30303955078125,98.49295806884766,97.12000274658203,186.9199981689453
2022-11-17 00:00:00-05:00,149.1515350341797,238.25375366210938,98.00472259521484,94.8499984741211,183.1699981689453
2022-11-18 00:00:00-05:00,149.715576171875,237.80027770996094,97.07808685302734,94.13999938964844,180.19000244140625
2022-11-21 00:00:00-05:00,146.4697265625,238.61851501464844,95.25469970703125,92.45999908447266,167.8699951171875
2022-11-22 00:00:00-05:00,148.61712646484375,241.55625915527344,96.69945526123047,93.19999694824219,169.91000366210938
2022-11-23 00:00:00-05:00,149.49789428710938,244.0701141357422,98.10436248779297,94.12999725341797,183.1999969482422
2022-11-25 00:00:00-05:00,146.56869506835938,243.9813690185547,97.10797882080078,93.41000366210938,182.86000061035156
2022-11-28 00:00:00-05:00,142.71920776367188,238.33262634277344,95.70307159423828,93.94999694824219,182.9199981689453
2022-11-29 00:00:00-05:00,139.700927734375,236.92291259765625,94.84617614746094,92.41999816894531,180.8300018310547
2022-11-30 00:00:00-05:00,146.48953247070312,251.52294921875,100.62522888183594,96.54000091552734,194.6999969482422
2022-12-01 00:00:00-05:00,146.76658630371094,251.0792999267578,100.62522888183594,95.5,194.6999969482422
2022-12-02 00:00:00-05:00,146.2718048095703,251.40464782714844,100.07720947265625,94.12999725341797,194.86000061035156
2022-12-05 00:00:00-05:00,145.10411071777344,246.65293884277344,99.12068176269531,91.01000213623047,182.4499969482422
2022-12-06 00:00:00-05:00,141.42282104492188,241.64495849609375,96.62971496582031,88.25,179.82000732421875
2022-12-07 00:00:00-05:00,139.47332763671875,240.9055938720703,94.59707641601562,88.45999908447266,174.0399932861328
2022-12-08 00:00:00-05:00,141.16549682617188,243.89266967773438,93.37152099609375,90.3499984741211,173.44000244140625
2022-12-09 00:00:00-05:00,140.68060302734375,241.94070434570312,92.49470520019531,89.08999633789062,179.0500030517578
2022-12-12 00:00:00-05:00,142.98635864257812,248.93020629882812,92.97296142578125,90.55000305175781,167.82000732421875
2022-12-13 00:00:00-05:00,143.9561767578125,253.27769470214844,95.28458404541016,92.48999786376953,160.9499969482422
2022-12-14 00:00:00-05:00,141.71969604492188,253.57347106933594,94.72660827636719,91.58000183105469,156.8000030517578
2022-12-15 00:00:00-05:00,135.0795135498047,245.47982788085938,90.53181457519531,88.44999694824219,157.6699981689453
2022-12-16 00:00:00-05:00,133.11021423339844,241.22108459472656,89.9339828491211,87.86000061035156,150.22999572753906
2022-12-19 00:00:00-05:00,130.99249267578125,237.04119873046875,88.12055206298828,84.91999816894531,149.8699951171875
2022-12-20 00:00:00-05:00,130.9232177734375,238.37203979492188,88.6984634399414,85.19000244140625,137.8000030517578
2022-12-21 00:00:00-05:00,134.0404052734375,240.96473693847656,89.25643920898438,86.7699966430664,137.57000732421875
2022-12-22 00:00:00-05:00,130.8539276123047,234.813232421875,87.44300842285156,83.79000091552734,125.3499984741211
2022-12-23 00:00:00-05:00,130.48780822753906,235.34555053710938,88.90770721435547,85.25,123.1500015258789
2022-12-27 00:00:00-05:00,128.6768341064453,233.6006622314453,87.07434844970703,83.04000091552734,109.0999984741211
2022-12-28 00:00:00-05:00,124.7283706665039,231.20510864257812,85.70929718017578,81.81999969482422,112.70999908447266
2022-12-29 00:00:00-05:00,128.26119995117188,237.59323120117188,88.13052368164062,84.18000030517578,121.81999969482422
2022-12-30 00:00:00-05:00,128.577880859375,236.4201202392578,87.91131591796875,84.0,123.18000030517578
